id,PrimerSequence,Group,ADOS,ADOS_module,ATEC,PDDBI,StdADOS,Diagnosis,constipation (GS 1),diarrhea (GS 2),consistency (GS 3),smell (GS 4),flatulence (GS 5),abdominal pain (GS 6),speech/lang/comunication (ATEC 1),sociability (ATEC 2),sensory/cognition (ATEC 3),health/physical/behavior (ATEC 4),ATEC Total,Sensory Perceptual Approach Behaviors (SENSORY) (PDD-BI 1),Ritualisms/Resistance to Change (RITUAL) (PDD-BI 2),Social Pragmatic Problemes (SOCPP) (PDD-BI 3),Social Approach Behaviors (SOCAPP) (PDD-BI 4),Expressive Language (EXPRESS) (PDD-BI 5),Semantic/Pragmatic Problems (SEMPP),Arousal Regulation Problems (AROUSE),Specific Fears (FEARS),Aggressiveness (AGG),"Learning, Memory, and Receptive Language (LMRL)",PDD-BI total (Sensory+Ritual+Socpp-Socapp-Express),New/Reinvited,cohort,in8,Description,observed_otus
PN05,GGCGVACGGGTGAGTAA,TD,NA,NA,NA,NA,0,TD,NA,NA,NA,NA,NA,NA,NA,NA,NA,NA,NA,NA,NA,NA,NA,NA,NA,NA,NA,NA,NA,NA,NA,PLoSOne,Y,Neurotypical,256
PA03,GGCGVACGGGTGAGTAA,ASD,19,1,106,27,7,SevereASD,NA,NA,NA,NA,NA,NA,NA,NA,NA,NA,NA,NA,NA,NA,NA,NA,NA,NA,NA,NA,NA,NA,NA,PLoSOne,Y,Autistic,230
PA15,GGCGVACGGGTGAGTAA,ASD,19,1,86,27,8,SevereASD,NA,NA,NA,NA,NA,NA,NA,NA,NA,NA,NA,NA,NA,NA,NA,NA,NA,NA,NA,NA,NA,NA,NA,PLoSOne,N,Autistic,85
PA09,GGCGVACGGGTGAGTAA,ASD,12,2,101,NA,6,SevereASD,NA,NA,NA,NA,NA,NA,NA,NA,NA,NA,NA,NA,NA,NA,NA,NA,NA,NA,NA,NA,NA,NA,NA,PLoSOne,Y,Autistic,142
PA11,GGCGVACGGGTGAGTAA,ASD,16,2,110,-17,7,SevereASD,NA,NA,NA,NA,NA,NA,NA,NA,NA,NA,NA,NA,NA,NA,NA,NA,NA,NA,NA,NA,NA,NA,NA,PLoSOne,Y,Autistic,147
PA07,GGCGVACGGGTGAGTAA,ASD,9,3,58,-127,6,SevereASD,NA,NA,NA,NA,NA,NA,NA,NA,NA,NA,NA,NA,NA,NA,NA,NA,NA,NA,NA,NA,NA,NA,NA,PLoSOne,N,Autistic,218
PA08,GGCGVACGGGTGAGTAA,ASD,8,3,52,-58,5,MildASD,NA,NA,NA,NA,NA,NA,NA,NA,NA,NA,NA,NA,NA,NA,NA,NA,NA,NA,NA,NA,NA,NA,NA,PLoSOne,N,Autistic,238
PA17,GGCGVACGGGTGAGTAA,ASD,15,3,98,14,9,SevereASD,NA,NA,NA,NA,NA,NA,NA,NA,NA,NA,NA,NA,NA,NA,NA,NA,NA,NA,NA,NA,NA,NA,NA,PLoSOne,Y,Autistic,197
BC1,GTGCCAGCMGCCGCGGTAA,TD,NA,NA,NA,NA,0,TD,0,0,0,0,0,0,NA,NA,NA,NA,NA,NA,NA,NA,NA,NA,NA,NA,NA,NA,NA,NA,New,Bhare,Y,Neurotypical,197
BC4,GTGCCAGCMGCCGCGGTAA,TD,NA,NA,NA,NA,0,TD,0,0,0,0,0,0,NA,NA,NA,NA,NA,NA,NA,NA,NA,NA,NA,NA,NA,NA,NA,NA,New,Bhare,Y,Neurotypical,200
BC5,GTGCCAGCMGCCGCGGTAA,TD,NA,NA,NA,NA,0,TD,0,0,0,0,0,0,NA,NA,NA,NA,NA,NA,NA,NA,NA,NA,NA,NA,NA,NA,NA,NA,New,Bhare,N,Neurotypical,220
BC11,GTGCCAGCMGCCGCGGTAA,TD,NA,NA,NA,NA,0,TD,0,0,0,0,0,0,NA,NA,NA,NA,NA,NA,NA,NA,NA,NA,NA,NA,NA,NA,NA,NA,Revisit,Bhare,N,Neurotypical,284
BA8,GTGCCAGCMGCCGCGGTAA,ASD,NA,NA,NA,NA,4,MildASD,2,1,1,2,2,1,22,10,20,20,72,16,19,10,39,13,0,19,19,33,19,-7,New,Bhare,N,Autistic,130
BA9,GTGCCAGCMGCCGCGGTAA,ASD,NA,NA,NA,NA,4,MildASD,1,0,0,1,0,0,2,5,6,11,24,6,2,5,76,93,1,12,2,6,33,-156,New,Bhare,N,Autistic,142
BA10,GTGCCAGCMGCCGCGGTAA,ASD,NA,NA,NA,NA,,SevereASD,1,1,1,2,2,2,6,26,19,49,100,32,17,20,66,57,14,27,27,36,22,-54,Revisit,Bhare,N,Autistic,145
BA24,GTGCCAGCMGCCGCGGTAA,ASD,NA,NA,NA,NA,8,SevereASD,2,1,1,1,2,1,20,17,26,64,127,43,31,18,29,14,13,29,37,35,7,49,Revisit,Bhare,Y,Autistic,157