exp_date,genotype_class,genotype,miRNA,feeding_capillary,blank_capillary
20101122,UAS-miRNA,UAS-miR-iab-4/+,miR-iab-4,3,2.23
20101123,UAS-miRNA,UAS-miR-iab-4/+,miR-iab-4,3.2,2.45
20101124,UAS-miRNA,UAS-miR-iab-4/+,miR-iab-4,3.1,2.45
20101124,UAS-miRNA,UAS-miR-iab-4/+,miR-iab-4,3.2,2.45
20101124,UAS-miRNA,UAS-miR-iab-4/+,miR-iab-4,3.1,2.45
20101125,UAS-miRNA,UAS-miR-iab-4/+,miR-iab-4,2.9,2
20101126,UAS-miRNA,UAS-miR-iab-4/+,miR-iab-4,3,2.125
20101126,UAS-miRNA,UAS-miR-iab-4/+,miR-iab-4,2.8,2.125
20101126,UAS-miRNA,UAS-miR-iab-4/+,miR-iab-4,2.9,2.125
20101126,UAS-miRNA,UAS-miR-iab-4/+,miR-iab-4,3,2.125
20101127,UAS-miRNA,UAS-miR-iab-4/+,miR-iab-4,2.9,2
20101122,S106>miRNA,S106-GAL4/UAS-miR-iab-4,miR-iab-4,3.4,2.23
20101122,S106>miRNA,S106-GAL4/UAS-miR-iab-4,miR-iab-4,3.6,2.23
20101123,S106>miRNA,S106-GAL4/UAS-miR-iab-4,miR-iab-4,3.5,2.45
20101123,S106>miRNA,S106-GAL4/UAS-miR-iab-4,miR-iab-4,3.3,2.45
20101123,S106>miRNA,S106-GAL4/UAS-miR-iab-4,miR-iab-4,3.1,2.45
20101123,S106>miRNA,S106-GAL4/UAS-miR-iab-4,miR-iab-4,3.4,2.45
20101124,S106>miRNA,S106-GAL4/UAS-miR-iab-4,miR-iab-4,3.4,2.45
20101124,S106>miRNA,S106-GAL4/UAS-miR-iab-4,miR-iab-4,3.7,2.45
20101124,S106>miRNA,S106-GAL4/UAS-miR-iab-4,miR-iab-4,3.5,2.45
20101124,S106>miRNA,S106-GAL4/UAS-miR-iab-4,miR-iab-4,3.3,2
20101124,S106>miRNA,S106-GAL4/UAS-miR-iab-4,miR-iab-4,3.1,2
20101125,S106>miRNA,S106-GAL4/UAS-miR-iab-4,miR-iab-4,3,2.125
20101125,S106>miRNA,S106-GAL4/UAS-miR-iab-4,miR-iab-4,2.9,2.125
20101125,S106>miRNA,S106-GAL4/UAS-miR-iab-4,miR-iab-4,2.8,2
20101125,S106>miRNA,S106-GAL4/UAS-miR-iab-4,miR-iab-4,2.7,2
20101122,UAS-miRNA,UAS-miR-1/+,miR-1,3,2.23
20101122,UAS-miRNA,UAS-miR-1/+,miR-1,3.8,2.23
20101122,UAS-miRNA,UAS-miR-1/+,miR-1,3.1,2.23
20101123,UAS-miRNA,UAS-miR-1/+,miR-1,3.2,2.45
20101123,UAS-miRNA,UAS-miR-1/+,miR-1,3.5,2.45
20101124,UAS-miRNA,UAS-miR-1/+,miR-1,3.8,2.45
20101124,UAS-miRNA,UAS-miR-1/+,miR-1,3,2.45
20101124,UAS-miRNA,UAS-miR-1/+,miR-1,3.4,2.45
20101125,UAS-miRNA,UAS-miR-1/+,miR-1,3.4,2
20101125,UAS-miRNA,UAS-miR-1/+,miR-1,3.2,2
20101125,UAS-miRNA,UAS-miR-1/+,miR-1,3.4,2
20101126,UAS-miRNA,UAS-miR-1/+,miR-1,3.2,2.125
20101126,UAS-miRNA,UAS-miR-1/+,miR-1,3.6,2.125
20101126,UAS-miRNA,UAS-miR-1/+,miR-1,3.6,2.125
20101127,UAS-miRNA,UAS-miR-1/+,miR-1,3.1,2
20101127,UAS-miRNA,UAS-miR-1/+,miR-1,2.8,2
20101127,UAS-miRNA,UAS-miR-1/+,miR-1,2.8,2
20101122,S106>miRNA,S106-GAL4/UAS-miR-1,miR-1,3.8,2.23
20101122,S106>miRNA,S106-GAL4/UAS-miR-1,miR-1,3.1,2.23
20101122,S106>miRNA,S106-GAL4/UAS-miR-1,miR-1,3.2,2.23
20101122,S106>miRNA,S106-GAL4/UAS-miR-1,miR-1,3.8,2.23
20101123,S106>miRNA,S106-GAL4/UAS-miR-1,miR-1,3.2,2.45
20101123,S106>miRNA,S106-GAL4/UAS-miR-1,miR-1,2.9,2.45
20101123,S106>miRNA,S106-GAL4/UAS-miR-1,miR-1,3.1,2.45
20101124,S106>miRNA,S106-GAL4/UAS-miR-1,miR-1,3.3,2.45
20101125,S106>miRNA,S106-GAL4/UAS-miR-1,miR-1,3,2
20101125,S106>miRNA,S106-GAL4/UAS-miR-1,miR-1,3.4,2
20101125,S106>miRNA,S106-GAL4/UAS-miR-1,miR-1,3.8,2
20101126,S106>miRNA,S106-GAL4/UAS-miR-1,miR-1,2.9,2.125
20101126,S106>miRNA,S106-GAL4/UAS-miR-1,miR-1,3.2,2.125
20101126,S106>miRNA,S106-GAL4/UAS-miR-1,miR-1,2.9,2.125
20101126,S106>miRNA,S106-GAL4/UAS-miR-1,miR-1,2.8,2.125
20101126,S106>miRNA,S106-GAL4/UAS-miR-1,miR-1,3.2,2.125
20101127,S106>miRNA,S106-GAL4/UAS-miR-1,miR-1,3.2,2
20101127,S106>miRNA,S106-GAL4/UAS-miR-1,miR-1,3.1,2
20101127,S106>miRNA,S106-GAL4/UAS-miR-1,miR-1,3,2
20101127,S106>miRNA,S106-GAL4/UAS-miR-1,miR-1,2.8,2
20101119,UAS-miRNA,UAS-miR-5/+,miR-5,3.4,2.2
20101119,UAS-miRNA,UAS-miR-5/+,miR-5,3.5,2.2
20101120,UAS-miRNA,UAS-miR-5/+,miR-5,3.1,2.46
20101120,UAS-miRNA,UAS-miR-5/+,miR-5,3.1,2.46
20101120,UAS-miRNA,UAS-miR-5/+,miR-5,3,2.46
20101122,UAS-miRNA,UAS-miR-5/+,miR-5,3.5,2.23
20101122,UAS-miRNA,UAS-miR-5/+,miR-5,3.2,2.23
20101122,UAS-miRNA,UAS-miR-5/+,miR-5,2.9,2.23
20101122,UAS-miRNA,UAS-miR-5/+,miR-5,2.8,2.23
20101122,UAS-miRNA,UAS-miR-5/+,miR-5,3.1,2.23
20101123,UAS-miRNA,UAS-miR-5/+,miR-5,2.8,2.45
20101123,UAS-miRNA,UAS-miR-5/+,miR-5,2.8,2.45
20101123,UAS-miRNA,UAS-miR-5/+,miR-5,2.7,2.45
20101124,UAS-miRNA,UAS-miR-5/+,miR-5,3.2,2.45
20101124,UAS-miRNA,UAS-miR-5/+,miR-5,2.6,2.45
20101124,UAS-miRNA,UAS-miR-5/+,miR-5,3,2.45
20101124,UAS-miRNA,UAS-miR-5/+,miR-5,3.5,2.45
20101125,UAS-miRNA,UAS-miR-5/+,miR-5,3,2
20101125,UAS-miRNA,UAS-miR-5/+,miR-5,2.9,2
20101119,S106>miRNA,S106-GAL4/UAS-miR-5,miR-5,3.4,2.2
20101119,S106>miRNA,S106-GAL4/UAS-miR-5,miR-5,3.5,2.2
20101119,S106>miRNA,S106-GAL4/UAS-miR-5,miR-5,3.8,2.2
20101119,S106>miRNA,S106-GAL4/UAS-miR-5,miR-5,3.4,2.2
20101120,S106>miRNA,S106-GAL4/UAS-miR-5,miR-5,3.1,2.46
20101120,S106>miRNA,S106-GAL4/UAS-miR-5,miR-5,3.2,2.46
20101120,S106>miRNA,S106-GAL4/UAS-miR-5,miR-5,3,2.46
20101122,S106>miRNA,S106-GAL4/UAS-miR-5,miR-5,3.7,2.23
20101122,S106>miRNA,S106-GAL4/UAS-miR-5,miR-5,3.1,2.23
20101122,S106>miRNA,S106-GAL4/UAS-miR-5,miR-5,3.2,2.23
20101122,S106>miRNA,S106-GAL4/UAS-miR-5,miR-5,3.1,2.23
20101123,S106>miRNA,S106-GAL4/UAS-miR-5,miR-5,2.9,2.45
20101123,S106>miRNA,S106-GAL4/UAS-miR-5,miR-5,3.3,2.45
20101123,S106>miRNA,S106-GAL4/UAS-miR-5,miR-5,3.4,2.45
20101124,S106>miRNA,S106-GAL4/UAS-miR-5,miR-5,3,2.45
20101124,S106>miRNA,S106-GAL4/UAS-miR-5,miR-5,3.1,2.45
20101124,S106>miRNA,S106-GAL4/UAS-miR-5,miR-5,3.3,2.45
20101125,S106>miRNA,S106-GAL4/UAS-miR-5,miR-5,3.5,2
20101125,S106>miRNA,S106-GAL4/UAS-miR-5,miR-5,3.7,2
20101128,UAS-miRNA,UAS-miR-9a/+,miR-9a,3.1,2.03
20101128,UAS-miRNA,UAS-miR-9a/+,miR-9a,3.3,2.03
20101128,UAS-miRNA,UAS-miR-9a/+,miR-9a,3,2.03
20101129,UAS-miRNA,UAS-miR-9a/+,miR-9a,3.2,2.13
20101129,UAS-miRNA,UAS-miR-9a/+,miR-9a,2.8,2.13
20101129,UAS-miRNA,UAS-miR-9a/+,miR-9a,3.1,2.13
20101130,UAS-miRNA,UAS-miR-9a/+,miR-9a,3.1,2.1
20101130,UAS-miRNA,UAS-miR-9a/+,miR-9a,3.2,2.1
20101201,UAS-miRNA,UAS-miR-9a/+,miR-9a,3.2,2.05
20101201,UAS-miRNA,UAS-miR-9a/+,miR-9a,3.2,2.05
20101202,UAS-miRNA,UAS-miR-9a/+,miR-9a,3.5,2.425
20101202,UAS-miRNA,UAS-miR-9a/+,miR-9a,3.4,2.425
20101202,UAS-miRNA,UAS-miR-9a/+,miR-9a,3.5,2.425
20101202,UAS-miRNA,UAS-miR-9a/+,miR-9a,3.3,2.425
20101203,UAS-miRNA,UAS-miR-9a/+,miR-9a,3,2.23
20101204,UAS-miRNA,UAS-miR-9a/+,miR-9a,3.4,2.13
20101204,UAS-miRNA,UAS-miR-9a/+,miR-9a,3.4,2.13
20101204,UAS-miRNA,UAS-miR-9a/+,miR-9a,3.5,2.13
20101205,UAS-miRNA,UAS-miR-9a/+,miR-9a,3.4,2.08
20101205,UAS-miRNA,UAS-miR-9a/+,miR-9a,3.4,2.08
20101205,UAS-miRNA,UAS-miR-9a/+,miR-9a,3.1,2.08
20101205,UAS-miRNA,UAS-miR-9a/+,miR-9a,2.7,2.08
20101205,UAS-miRNA,UAS-miR-9a/+,miR-9a,2.7,2.08
20101128,S106>miRNA,S106-GAL4/UAS-miR-9a,miR-9a,3.1,2.03
20101128,S106>miRNA,S106-GAL4/UAS-miR-9a,miR-9a,2.9,2.03
20101128,S106>miRNA,S106-GAL4/UAS-miR-9a,miR-9a,3.5,2.03
20101128,S106>miRNA,S106-GAL4/UAS-miR-9a,miR-9a,3.1,2.03
20101129,S106>miRNA,S106-GAL4/UAS-miR-9a,miR-9a,3,2.13
20101129,S106>miRNA,S106-GAL4/UAS-miR-9a,miR-9a,3,2.13
20101129,S106>miRNA,S106-GAL4/UAS-miR-9a,miR-9a,3.5,2.13
20101129,S106>miRNA,S106-GAL4/UAS-miR-9a,miR-9a,3.2,2.13
20101129,S106>miRNA,S106-GAL4/UAS-miR-9a,miR-9a,2.9,2.13
20101130,S106>miRNA,S106-GAL4/UAS-miR-9a,miR-9a,3,2.1
20101130,S106>miRNA,S106-GAL4/UAS-miR-9a,miR-9a,3.4,2.1
20101130,S106>miRNA,S106-GAL4/UAS-miR-9a,miR-9a,2.9,2.1
20101201,S106>miRNA,S106-GAL4/UAS-miR-9a,miR-9a,3.2,2.05
20101201,S106>miRNA,S106-GAL4/UAS-miR-9a,miR-9a,2.9,2.05
20101201,S106>miRNA,S106-GAL4/UAS-miR-9a,miR-9a,2.9,2.05
20101202,S106>miRNA,S106-GAL4/UAS-miR-9a,miR-9a,3.1,2.425
20101202,S106>miRNA,S106-GAL4/UAS-miR-9a,miR-9a,3.3,2.425
20101202,S106>miRNA,S106-GAL4/UAS-miR-9a,miR-9a,3.3,2.425
20101202,S106>miRNA,S106-GAL4/UAS-miR-9a,miR-9a,3.3,2.425
20101203,S106>miRNA,S106-GAL4/UAS-miR-9a,miR-9a,3,2.23
20101203,S106>miRNA,S106-GAL4/UAS-miR-9a,miR-9a,3.1,2.23
20101203,S106>miRNA,S106-GAL4/UAS-miR-9a,miR-9a,3.2,2.23
20101203,S106>miRNA,S106-GAL4/UAS-miR-9a,miR-9a,3.3,2.23
20101204,S106>miRNA,S106-GAL4/UAS-miR-9a,miR-9a,3.3,2.13
20101204,S106>miRNA,S106-GAL4/UAS-miR-9a,miR-9a,3.3,2.13
20101204,S106>miRNA,S106-GAL4/UAS-miR-9a,miR-9a,3.3,2.13
20101204,S106>miRNA,S106-GAL4/UAS-miR-9a,miR-9a,3.2,2.13
20101205,S106>miRNA,S106-GAL4/UAS-miR-9a,miR-9a,3.3,2.08
20101205,S106>miRNA,S106-GAL4/UAS-miR-9a,miR-9a,3,2.08
20101205,S106>miRNA,S106-GAL4/UAS-miR-9a,miR-9a,3.3,2.08
20101205,S106>miRNA,S106-GAL4/UAS-miR-9a,miR-9a,3.3,2.08
20101205,S106>miRNA,S106-GAL4/UAS-miR-9a,miR-9a,3.4,2.08
20101128,UAS-miRNA,UAS-miR-10/+,miR-10,2.9,2.03
20101129,UAS-miRNA,UAS-miR-10/+,miR-10,2.9,2.13
20101129,UAS-miRNA,UAS-miR-10/+,miR-10,3.2,2.13
20101129,UAS-miRNA,UAS-miR-10/+,miR-10,2.9,2.13
20101129,UAS-miRNA,UAS-miR-10/+,miR-10,2.7,2.13
20101130,UAS-miRNA,UAS-miR-10/+,miR-10,2.9,2.1
20101130,UAS-miRNA,UAS-miR-10/+,miR-10,3,2.1
20101201,UAS-miRNA,UAS-miR-10/+,miR-10,3.2,2.05
20101202,UAS-miRNA,UAS-miR-10/+,miR-10,3.4,2.425
20101202,UAS-miRNA,UAS-miR-10/+,miR-10,3.3,2.425
20101204,UAS-miRNA,UAS-miR-10/+,miR-10,3.6,2.13
20101204,UAS-miRNA,UAS-miR-10/+,miR-10,3.5,2.13
20101205,UAS-miRNA,UAS-miR-10/+,miR-10,2.7,2.08
20101205,UAS-miRNA,UAS-miR-10/+,miR-10,2.8,2.08
20101205,UAS-miRNA,UAS-miR-10/+,miR-10,2.9,2.08
20101128,S106>miRNA,S106-GAL4/UAS-miR-10,miR-10,3.2,2.03
20101128,S106>miRNA,S106-GAL4/UAS-miR-10,miR-10,3.1,2.03
20101128,S106>miRNA,S106-GAL4/UAS-miR-10,miR-10,3.5,2.03
20101128,S106>miRNA,S106-GAL4/UAS-miR-10,miR-10,3.2,2.03
20101128,S106>miRNA,S106-GAL4/UAS-miR-10,miR-10,3.3,2.03
20101128,S106>miRNA,S106-GAL4/UAS-miR-10,miR-10,3,2.03
20101129,S106>miRNA,S106-GAL4/UAS-miR-10,miR-10,3.3,2.13
20101129,S106>miRNA,S106-GAL4/UAS-miR-10,miR-10,3.3,2.13
20101129,S106>miRNA,S106-GAL4/UAS-miR-10,miR-10,3,2.13
20101129,S106>miRNA,S106-GAL4/UAS-miR-10,miR-10,2.9,2.13
20101130,S106>miRNA,S106-GAL4/UAS-miR-10,miR-10,2.8,2.1
20101130,S106>miRNA,S106-GAL4/UAS-miR-10,miR-10,3.2,2.1
20101130,S106>miRNA,S106-GAL4/UAS-miR-10,miR-10,3,2.1
20101201,S106>miRNA,S106-GAL4/UAS-miR-10,miR-10,3,2.05
20101201,S106>miRNA,S106-GAL4/UAS-miR-10,miR-10,3.2,2.05
20101202,S106>miRNA,S106-GAL4/UAS-miR-10,miR-10,3.4,2.425
20101202,S106>miRNA,S106-GAL4/UAS-miR-10,miR-10,3.3,2.425
20101203,S106>miRNA,S106-GAL4/UAS-miR-10,miR-10,3.4,2.23
20101204,S106>miRNA,S106-GAL4/UAS-miR-10,miR-10,3.6,2.13
20101204,S106>miRNA,S106-GAL4/UAS-miR-10,miR-10,3.4,2.13
20101204,S106>miRNA,S106-GAL4/UAS-miR-10,miR-10,3.2,2.13
20101204,S106>miRNA,S106-GAL4/UAS-miR-10,miR-10,3.2,2.13
20101204,S106>miRNA,S106-GAL4/UAS-miR-10,miR-10,3.6,2.13
20101205,S106>miRNA,S106-GAL4/UAS-miR-10,miR-10,3.3,2.08
20101205,S106>miRNA,S106-GAL4/UAS-miR-10,miR-10,3.5,2.08
20101205,S106>miRNA,S106-GAL4/UAS-miR-10,miR-10,3.3,2.08
20101119,UAS-miRNA,UAS-miR-12/+,miR-12,2.7,2.2
20101119,UAS-miRNA,UAS-miR-12/+,miR-12,2.9,2.2
20101119,UAS-miRNA,UAS-miR-12/+,miR-12,3.4,2.2
20101120,UAS-miRNA,UAS-miR-12/+,miR-12,3.6,2.46
20101120,UAS-miRNA,UAS-miR-12/+,miR-12,3.4,2.46
20101120,UAS-miRNA,UAS-miR-12/+,miR-12,3.1,2.46
20101120,UAS-miRNA,UAS-miR-12/+,miR-12,3.3,2.46
20101122,UAS-miRNA,UAS-miR-12/+,miR-12,3,2.23
20101122,UAS-miRNA,UAS-miR-12/+,miR-12,3.5,2.23
20101122,UAS-miRNA,UAS-miR-12/+,miR-12,3.2,2.23
20101123,UAS-miRNA,UAS-miR-12/+,miR-12,2.9,2.45
20101124,UAS-miRNA,UAS-miR-12/+,miR-12,3,2.45
20101124,UAS-miRNA,UAS-miR-12/+,miR-12,3.3,2.45
20101125,UAS-miRNA,UAS-miR-12/+,miR-12,2.7,2
20101125,UAS-miRNA,UAS-miR-12/+,miR-12,2.8,2
20101119,S106>miRNA,S106-GAL4/UAS-miR-12,miR-12,2.8,2.2
20101119,S106>miRNA,S106-GAL4/UAS-miR-12,miR-12,3.1,2.2
20101119,S106>miRNA,S106-GAL4/UAS-miR-12,miR-12,3.5,2.2
20101120,S106>miRNA,S106-GAL4/UAS-miR-12,miR-12,3.5,2.46
20101120,S106>miRNA,S106-GAL4/UAS-miR-12,miR-12,3.5,2.46
20101120,S106>miRNA,S106-GAL4/UAS-miR-12,miR-12,3.6,2.46
20101120,S106>miRNA,S106-GAL4/UAS-miR-12,miR-12,3.4,2.46
20101122,S106>miRNA,S106-GAL4/UAS-miR-12,miR-12,3.4,2.23
20101122,S106>miRNA,S106-GAL4/UAS-miR-12,miR-12,3.4,2.23
20101122,S106>miRNA,S106-GAL4/UAS-miR-12,miR-12,3.9,2.23
20101122,S106>miRNA,S106-GAL4/UAS-miR-12,miR-12,2.9,2.23
20101122,S106>miRNA,S106-GAL4/UAS-miR-12,miR-12,3.1,2.23
20101122,S106>miRNA,S106-GAL4/UAS-miR-12,miR-12,3.9,2.23
20101123,S106>miRNA,S106-GAL4/UAS-miR-12,miR-12,2.9,2.45
20101123,S106>miRNA,S106-GAL4/UAS-miR-12,miR-12,3,2.45
20101124,S106>miRNA,S106-GAL4/UAS-miR-12,miR-12,3,2.45
20101124,S106>miRNA,S106-GAL4/UAS-miR-12,miR-12,3,2.45
20101124,S106>miRNA,S106-GAL4/UAS-miR-12,miR-12,3.3,2.45
20101125,S106>miRNA,S106-GAL4/UAS-miR-12,miR-12,3.8,2
20101125,S106>miRNA,S106-GAL4/UAS-miR-12,miR-12,3,2
20110830,UAS-miRNA,UAS-miR-14/+,miR-14,2.2,1.72
20110830,UAS-miRNA,UAS-miR-14/+,miR-14,2.15,1.72
20110830,UAS-miRNA,UAS-miR-14/+,miR-14,2.2,1.72
20110830,UAS-miRNA,UAS-miR-14/+,miR-14,2.2,1.72
20110830,UAS-miRNA,UAS-miR-14/+,miR-14,2.1,1.72
20110830,UAS-miRNA,UAS-miR-14/+,miR-14,2.3,1.72
20110831,UAS-miRNA,UAS-miR-14/+,miR-14,2.3,1.79
20110831,UAS-miRNA,UAS-miR-14/+,miR-14,2.15,1.79
20110831,UAS-miRNA,UAS-miR-14/+,miR-14,2.1,1.79
20110831,UAS-miRNA,UAS-miR-14/+,miR-14,2,1.79
20110831,UAS-miRNA,UAS-miR-14/+,miR-14,2.1,1.79
20110831,UAS-miRNA,UAS-miR-14/+,miR-14,2.3,1.79
20110831,UAS-miRNA,UAS-miR-14/+,miR-14,2.3,1.79
20110901,UAS-miRNA,UAS-miR-14/+,miR-14,2,1.6
20110901,UAS-miRNA,UAS-miR-14/+,miR-14,2.15,1.6
20110901,UAS-miRNA,UAS-miR-14/+,miR-14,2.2,1.6
20110901,UAS-miRNA,UAS-miR-14/+,miR-14,2.1,1.6
20110901,UAS-miRNA,UAS-miR-14/+,miR-14,2.05,1.6
20110901,UAS-miRNA,UAS-miR-14/+,miR-14,2.25,1.6
20110901,UAS-miRNA,UAS-miR-14/+,miR-14,2.1,1.6
20110901,UAS-miRNA,UAS-miR-14/+,miR-14,2.1,1.6
20110902,UAS-miRNA,UAS-miR-14/+,miR-14,2,1.72
20110902,UAS-miRNA,UAS-miR-14/+,miR-14,2.3,1.72
20110902,UAS-miRNA,UAS-miR-14/+,miR-14,2.15,1.72
20110902,UAS-miRNA,UAS-miR-14/+,miR-14,2.1,1.72
20110902,UAS-miRNA,UAS-miR-14/+,miR-14,2,1.72
20110902,UAS-miRNA,UAS-miR-14/+,miR-14,2,1.72
20110902,UAS-miRNA,UAS-miR-14/+,miR-14,2.1,1.72
20110902,UAS-miRNA,UAS-miR-14/+,miR-14,2.3,1.72
20110902,UAS-miRNA,UAS-miR-14/+,miR-14,2.2,1.72
20110830,S106>miRNA,S106-GAL4/UAS-miR-14,miR-14,2.2,1.72
20110830,S106>miRNA,S106-GAL4/UAS-miR-14,miR-14,2.25,1.72
20110830,S106>miRNA,S106-GAL4/UAS-miR-14,miR-14,2.2,1.72
20110830,S106>miRNA,S106-GAL4/UAS-miR-14,miR-14,2.4,1.72
20110830,S106>miRNA,S106-GAL4/UAS-miR-14,miR-14,2.4,1.72
20110831,S106>miRNA,S106-GAL4/UAS-miR-14,miR-14,2.2,1.79
20110831,S106>miRNA,S106-GAL4/UAS-miR-14,miR-14,2.3,1.79
20110831,S106>miRNA,S106-GAL4/UAS-miR-14,miR-14,2,1.79
20110831,S106>miRNA,S106-GAL4/UAS-miR-14,miR-14,2.1,1.79
20110831,S106>miRNA,S106-GAL4/UAS-miR-14,miR-14,2.3,1.79
20110831,S106>miRNA,S106-GAL4/UAS-miR-14,miR-14,2.2,1.79
20110901,S106>miRNA,S106-GAL4/UAS-miR-14,miR-14,2.3,1.6
20110901,S106>miRNA,S106-GAL4/UAS-miR-14,miR-14,2.25,1.6
20110901,S106>miRNA,S106-GAL4/UAS-miR-14,miR-14,2.2,1.6
20110901,S106>miRNA,S106-GAL4/UAS-miR-14,miR-14,2.2,1.6
20110901,S106>miRNA,S106-GAL4/UAS-miR-14,miR-14,2.1,1.6
20110901,S106>miRNA,S106-GAL4/UAS-miR-14,miR-14,2.1,1.6
20110901,S106>miRNA,S106-GAL4/UAS-miR-14,miR-14,2.2,1.6
20110902,S106>miRNA,S106-GAL4/UAS-miR-14,miR-14,2.1,1.72
20110902,S106>miRNA,S106-GAL4/UAS-miR-14,miR-14,2.3,1.72
20110902,S106>miRNA,S106-GAL4/UAS-miR-14,miR-14,2,1.72
20110902,S106>miRNA,S106-GAL4/UAS-miR-14,miR-14,2.2,1.72
20110902,S106>miRNA,S106-GAL4/UAS-miR-14,miR-14,2.05,1.72
20110902,S106>miRNA,S106-GAL4/UAS-miR-14,miR-14,2,1.72
20110902,S106>miRNA,S106-GAL4/UAS-miR-14,miR-14,2.25,1.72
20101129,UAS-miRNA,UAS-miR-31/+,miR-31,3.3,2.13
20101129,UAS-miRNA,UAS-miR-31/+,miR-31,3.6,2.13
20101130,UAS-miRNA,UAS-miR-31/+,miR-31,2.7,2.1
20101130,UAS-miRNA,UAS-miR-31/+,miR-31,3.1,2.1
20101130,UAS-miRNA,UAS-miR-31/+,miR-31,2.8,2.1
20101130,UAS-miRNA,UAS-miR-31/+,miR-31,3.2,2.1
20101130,UAS-miRNA,UAS-miR-31/+,miR-31,3.2,2.1
20101201,UAS-miRNA,UAS-miR-31/+,miR-31,3.2,2.05
20101201,UAS-miRNA,UAS-miR-31/+,miR-31,3,2.05
20101202,UAS-miRNA,UAS-miR-31/+,miR-31,3.4,2.425
20101204,UAS-miRNA,UAS-miR-31/+,miR-31,3.1,2.13
20101205,UAS-miRNA,UAS-miR-31/+,miR-31,3.1,2.08
20101205,UAS-miRNA,UAS-miR-31/+,miR-31,2.9,2.08
20101205,UAS-miRNA,UAS-miR-31/+,miR-31,3,2.08
20101205,UAS-miRNA,UAS-miR-31/+,miR-31,2.8,2.08
20101128,S106>miRNA,S106-GAL4/UAS-miR-31,miR-31,3.1,2.03
20101128,S106>miRNA,S106-GAL4/UAS-miR-31,miR-31,3.6,2.03
20101128,S106>miRNA,S106-GAL4/UAS-miR-31,miR-31,2.9,2.03
20101129,S106>miRNA,S106-GAL4/UAS-miR-31,miR-31,3.2,2.13
20101129,S106>miRNA,S106-GAL4/UAS-miR-31,miR-31,3.2,2.13
20101129,S106>miRNA,S106-GAL4/UAS-miR-31,miR-31,3.4,2.13
20101130,S106>miRNA,S106-GAL4/UAS-miR-31,miR-31,3.6,2.1
20101130,S106>miRNA,S106-GAL4/UAS-miR-31,miR-31,2.9,2.1
20101130,S106>miRNA,S106-GAL4/UAS-miR-31,miR-31,2.9,2.1
20101130,S106>miRNA,S106-GAL4/UAS-miR-31,miR-31,3.1,2.1
20101130,S106>miRNA,S106-GAL4/UAS-miR-31,miR-31,2.8,2.1
20101201,S106>miRNA,S106-GAL4/UAS-miR-31,miR-31,2.9,2.05
20101201,S106>miRNA,S106-GAL4/UAS-miR-31,miR-31,3,2.05
20101201,S106>miRNA,S106-GAL4/UAS-miR-31,miR-31,3,2.05
20101202,S106>miRNA,S106-GAL4/UAS-miR-31,miR-31,3.5,2.425
20101202,S106>miRNA,S106-GAL4/UAS-miR-31,miR-31,3.3,2.425
20101203,S106>miRNA,S106-GAL4/UAS-miR-31,miR-31,3,2.23
20101204,S106>miRNA,S106-GAL4/UAS-miR-31,miR-31,3.1,2.13
20101205,S106>miRNA,S106-GAL4/UAS-miR-31,miR-31,2.9,2.08
20101205,S106>miRNA,S106-GAL4/UAS-miR-31,miR-31,3.2,2.08
20101205,S106>miRNA,S106-GAL4/UAS-miR-31,miR-31,3,2.08
20101205,S106>miRNA,S106-GAL4/UAS-miR-31,miR-31,3.2,2.08
20101119,UAS-miRNA,UAS-miR-33/+,miR-33,3.3,2.2
20101119,UAS-miRNA,UAS-miR-33/+,miR-33,3.3,2.2
20101119,UAS-miRNA,UAS-miR-33/+,miR-33,2.6,2.2
20101119,UAS-miRNA,UAS-miR-33/+,miR-33,3.3,2.2
20101120,UAS-miRNA,UAS-miR-33/+,miR-33,3.3,2.46
20101122,UAS-miRNA,UAS-miR-33/+,miR-33,3.4,2.23
20101122,UAS-miRNA,UAS-miR-33/+,miR-33,3.1,2.23
20101122,UAS-miRNA,UAS-miR-33/+,miR-33,3.2,2.23
20101122,UAS-miRNA,UAS-miR-33/+,miR-33,2.8,2.23
20101119,S106>miRNA,S106-GAL4/UAS-miR-33,miR-33,3.6,2.2
20101119,S106>miRNA,S106-GAL4/UAS-miR-33,miR-33,3.7,2.2
20101119,S106>miRNA,S106-GAL4/UAS-miR-33,miR-33,3.3,2.2
20101119,S106>miRNA,S106-GAL4/UAS-miR-33,miR-33,3.8,2.2
20101120,S106>miRNA,S106-GAL4/UAS-miR-33,miR-33,3.6,2.46
20101120,S106>miRNA,S106-GAL4/UAS-miR-33,miR-33,3.3,2.46
20101120,S106>miRNA,S106-GAL4/UAS-miR-33,miR-33,3.3,2.46
20101120,S106>miRNA,S106-GAL4/UAS-miR-33,miR-33,3.2,2.46
20101122,S106>miRNA,S106-GAL4/UAS-miR-33,miR-33,3,2.23
20101122,S106>miRNA,S106-GAL4/UAS-miR-33,miR-33,3.3,2.23
20101122,S106>miRNA,S106-GAL4/UAS-miR-33,miR-33,3.3,2.23
20101122,S106>miRNA,S106-GAL4/UAS-miR-33,miR-33,3.3,2.23
20101122,S106>miRNA,S106-GAL4/UAS-miR-33,miR-33,3.2,2.23
20101122,S106>miRNA,S106-GAL4/UAS-miR-33,miR-33,3.4,2.23
20101123,S106>miRNA,S106-GAL4/UAS-miR-33,miR-33,3.2,2.45
20101123,S106>miRNA,S106-GAL4/UAS-miR-33,miR-33,3.6,2.45
20101124,S106>miRNA,S106-GAL4/UAS-miR-33,miR-33,3.1,2.45
20101124,S106>miRNA,S106-GAL4/UAS-miR-33,miR-33,2.8,2.45
20101124,S106>miRNA,S106-GAL4/UAS-miR-33,miR-33,2.8,2.45
20101124,S106>miRNA,S106-GAL4/UAS-miR-33,miR-33,2.8,2.45
20101124,S106>miRNA,S106-GAL4/UAS-miR-33,miR-33,3,2.45
20101122,UAS-miRNA,UAS-miR-79/+,miR-79,3.2,2.23
20101122,UAS-miRNA,UAS-miR-79/+,miR-79,2.9,2.23
20101122,UAS-miRNA,UAS-miR-79/+,miR-79,2.9,2.23
20101122,UAS-miRNA,UAS-miR-79/+,miR-79,2.9,2.23
20101124,UAS-miRNA,UAS-miR-79/+,miR-79,3.2,2.45
20101125,UAS-miRNA,UAS-miR-79/+,miR-79,3.2,2
20101125,UAS-miRNA,UAS-miR-79/+,miR-79,3,2
20101126,UAS-miRNA,UAS-miR-79/+,miR-79,2.8,2.125
20101126,UAS-miRNA,UAS-miR-79/+,miR-79,2.9,2.125
20101126,UAS-miRNA,UAS-miR-79/+,miR-79,2.7,2.125
20101128,UAS-miRNA,UAS-miR-79/+,miR-79,2.9,2.03
20101128,UAS-miRNA,UAS-miR-79/+,miR-79,2.6,2.03
20101122,S106>miRNA,S106-GAL4/UAS-miR-79,miR-79,3,2.23
20101122,S106>miRNA,S106-GAL4/UAS-miR-79,miR-79,2.9,2.23
20101122,S106>miRNA,S106-GAL4/UAS-miR-79,miR-79,3,2.23
20101122,S106>miRNA,S106-GAL4/UAS-miR-79,miR-79,3.1,2.23
20101122,S106>miRNA,S106-GAL4/UAS-miR-79,miR-79,3.2,2.23
20101123,S106>miRNA,S106-GAL4/UAS-miR-79,miR-79,3.2,2.45
20101123,S106>miRNA,S106-GAL4/UAS-miR-79,miR-79,3.2,2.45
20101123,S106>miRNA,S106-GAL4/UAS-miR-79,miR-79,3.2,2.45
20101123,S106>miRNA,S106-GAL4/UAS-miR-79,miR-79,3.7,2.45
20101124,S106>miRNA,S106-GAL4/UAS-miR-79,miR-79,2.9,2.45
20101124,S106>miRNA,S106-GAL4/UAS-miR-79,miR-79,2.9,2.45
20101124,S106>miRNA,S106-GAL4/UAS-miR-79,miR-79,3.8,2.45
20101124,S106>miRNA,S106-GAL4/UAS-miR-79,miR-79,3,2.45
20101124,S106>miRNA,S106-GAL4/UAS-miR-79,miR-79,3.8,2.45
20101125,S106>miRNA,S106-GAL4/UAS-miR-79,miR-79,3.7,2
20101126,S106>miRNA,S106-GAL4/UAS-miR-79,miR-79,3,2.125
20101126,S106>miRNA,S106-GAL4/UAS-miR-79,miR-79,2.8,2.125
20101126,S106>miRNA,S106-GAL4/UAS-miR-79,miR-79,2.7,2.125
20101128,S106>miRNA,S106-GAL4/UAS-miR-79,miR-79,2.7,2.03
20101122,UAS-miRNA,UAS-miR-87/+,miR-87,3.2,2.23
20101127,UAS-miRNA,UAS-miR-87/+,miR-87,3.2,2
20101127,UAS-miRNA,UAS-miR-87/+,miR-87,2.6,2
20101127,UAS-miRNA,UAS-miR-87/+,miR-87,2.8,2
20101127,UAS-miRNA,UAS-miR-87/+,miR-87,3.2,2
20101127,UAS-miRNA,UAS-miR-87/+,miR-87,2.9,2
20101128,UAS-miRNA,UAS-miR-87/+,miR-87,3.1,2.03
20101128,UAS-miRNA,UAS-miR-87/+,miR-87,3.1,2.03
20101128,UAS-miRNA,UAS-miR-87/+,miR-87,3.1,2.03
20101128,UAS-miRNA,UAS-miR-87/+,miR-87,2.8,2.03
20101129,UAS-miRNA,UAS-miR-87/+,miR-87,3.4,2.13
20101129,UAS-miRNA,UAS-miR-87/+,miR-87,2.7,2.13
20101129,UAS-miRNA,UAS-miR-87/+,miR-87,3,2.13
20101129,UAS-miRNA,UAS-miR-87/+,miR-87,3,2.13
20101122,S106>miRNA,S106-GAL4/UAS-miR-87,miR-87,3.8,2.23
20101122,S106>miRNA,S106-GAL4/UAS-miR-87,miR-87,3.3,2.23
20101122,S106>miRNA,S106-GAL4/UAS-miR-87,miR-87,3.3,2.23
20101124,S106>miRNA,S106-GAL4/UAS-miR-87,miR-87,3,2.45
20101124,S106>miRNA,S106-GAL4/UAS-miR-87,miR-87,3.4,2.45
20101125,S106>miRNA,S106-GAL4/UAS-miR-87,miR-87,2.9,2
20101125,S106>miRNA,S106-GAL4/UAS-miR-87,miR-87,3.1,2
20101127,S106>miRNA,S106-GAL4/UAS-miR-87,miR-87,2.7,2
20101127,S106>miRNA,S106-GAL4/UAS-miR-87,miR-87,3,2
20101127,S106>miRNA,S106-GAL4/UAS-miR-87,miR-87,2.8,2
20101127,S106>miRNA,S106-GAL4/UAS-miR-87,miR-87,3.6,2
20101127,S106>miRNA,S106-GAL4/UAS-miR-87,miR-87,2.6,2
20101128,S106>miRNA,S106-GAL4/UAS-miR-87,miR-87,2.7,2.03
20101128,S106>miRNA,S106-GAL4/UAS-miR-87,miR-87,3.2,2.03
20101128,UAS-miRNA,UAS-miR-92a/+,miR-92a,2.9,2.03
20101129,UAS-miRNA,UAS-miR-92a/+,miR-92a,3,2.13
20101129,UAS-miRNA,UAS-miR-92a/+,miR-92a,3,2.13
20101129,UAS-miRNA,UAS-miR-92a/+,miR-92a,3,2.13
20101129,UAS-miRNA,UAS-miR-92a/+,miR-92a,3,2.13
20101130,UAS-miRNA,UAS-miR-92a/+,miR-92a,2.8,2.1
20101130,UAS-miRNA,UAS-miR-92a/+,miR-92a,2.8,2.1
20101201,UAS-miRNA,UAS-miR-92a/+,miR-92a,3.1,2.05
20101202,UAS-miRNA,UAS-miR-92a/+,miR-92a,3.2,2.425
20101202,UAS-miRNA,UAS-miR-92a/+,miR-92a,3.2,2.425
20101202,UAS-miRNA,UAS-miR-92a/+,miR-92a,3.4,2.425
20101203,UAS-miRNA,UAS-miR-92a/+,miR-92a,3.2,2.23
20101204,UAS-miRNA,UAS-miR-92a/+,miR-92a,3.1,2.13
20101204,UAS-miRNA,UAS-miR-92a/+,miR-92a,3.2,2.13
20101205,UAS-miRNA,UAS-miR-92a/+,miR-92a,3.2,2.08
20101205,UAS-miRNA,UAS-miR-92a/+,miR-92a,3,2.08
20101205,UAS-miRNA,UAS-miR-92a/+,miR-92a,2.7,2.08
20101205,UAS-miRNA,UAS-miR-92a/+,miR-92a,3.1,2.08
20101206,UAS-miRNA,UAS-miR-92a/+,miR-92a,3.2,2.2
20101206,UAS-miRNA,UAS-miR-92a/+,miR-92a,2.9,2.2
20101209,UAS-miRNA,UAS-miR-92a/+,miR-92a,2.9,2.375
20101128,S106>miRNA,S106-GAL4/UAS-miR-92a,miR-92a,2.7,2.03
20101128,S106>miRNA,S106-GAL4/UAS-miR-92a,miR-92a,3.3,2.03
20101128,S106>miRNA,S106-GAL4/UAS-miR-92a,miR-92a,3.5,2.03
20101128,S106>miRNA,S106-GAL4/UAS-miR-92a,miR-92a,2.7,2.03
20101129,S106>miRNA,S106-GAL4/UAS-miR-92a,miR-92a,2.9,2.13
20101129,S106>miRNA,S106-GAL4/UAS-miR-92a,miR-92a,2.9,2.13
20101130,S106>miRNA,S106-GAL4/UAS-miR-92a,miR-92a,2.9,2.1
20101130,S106>miRNA,S106-GAL4/UAS-miR-92a,miR-92a,3,2.1
20101130,S106>miRNA,S106-GAL4/UAS-miR-92a,miR-92a,2.9,2.1
20101130,S106>miRNA,S106-GAL4/UAS-miR-92a,miR-92a,3,2.1
20101201,S106>miRNA,S106-GAL4/UAS-miR-92a,miR-92a,2.8,2.05
20101201,S106>miRNA,S106-GAL4/UAS-miR-92a,miR-92a,3.2,2.05
20101201,S106>miRNA,S106-GAL4/UAS-miR-92a,miR-92a,3.2,2.05
20101202,S106>miRNA,S106-GAL4/UAS-miR-92a,miR-92a,3.1,2.425
20101202,S106>miRNA,S106-GAL4/UAS-miR-92a,miR-92a,3.4,2.425
20101202,S106>miRNA,S106-GAL4/UAS-miR-92a,miR-92a,3.6,2.425
20101202,S106>miRNA,S106-GAL4/UAS-miR-92a,miR-92a,3.5,2.425
20101203,S106>miRNA,S106-GAL4/UAS-miR-92a,miR-92a,3.2,2.23
20101203,S106>miRNA,S106-GAL4/UAS-miR-92a,miR-92a,3.1,2.23
20101203,S106>miRNA,S106-GAL4/UAS-miR-92a,miR-92a,3.4,2.23
20101204,S106>miRNA,S106-GAL4/UAS-miR-92a,miR-92a,3.5,2.13
20101204,S106>miRNA,S106-GAL4/UAS-miR-92a,miR-92a,3.4,2.13
20101204,S106>miRNA,S106-GAL4/UAS-miR-92a,miR-92a,3.7,2.13
20101204,S106>miRNA,S106-GAL4/UAS-miR-92a,miR-92a,3.7,2.13
20101205,S106>miRNA,S106-GAL4/UAS-miR-92a,miR-92a,3.3,2.08
20101205,S106>miRNA,S106-GAL4/UAS-miR-92a,miR-92a,3.4,2.08
20101205,S106>miRNA,S106-GAL4/UAS-miR-92a,miR-92a,3,2.08
20101206,S106>miRNA,S106-GAL4/UAS-miR-92a,miR-92a,3.2,2.2
20101128,UAS-miRNA,UAS-miR-124/+,miR-124,3.2,2.03
20101129,UAS-miRNA,UAS-miR-124/+,miR-124,2.8,2.13
20101129,UAS-miRNA,UAS-miR-124/+,miR-124,2.8,2.13
20101129,UAS-miRNA,UAS-miR-124/+,miR-124,3.2,2.13
20101130,UAS-miRNA,UAS-miR-124/+,miR-124,3.2,2.1
20101130,UAS-miRNA,UAS-miR-124/+,miR-124,3.2,2.1
20101201,UAS-miRNA,UAS-miR-124/+,miR-124,3.1,2.05
20101201,UAS-miRNA,UAS-miR-124/+,miR-124,2.7,2.05
20101202,UAS-miRNA,UAS-miR-124/+,miR-124,2.9,2.425
20101203,UAS-miRNA,UAS-miR-124/+,miR-124,3.1,2.23
20101203,UAS-miRNA,UAS-miR-124/+,miR-124,3.4,2.23
20101204,UAS-miRNA,UAS-miR-124/+,miR-124,3.3,2.13
20101204,UAS-miRNA,UAS-miR-124/+,miR-124,3.3,2.13
20101205,UAS-miRNA,UAS-miR-124/+,miR-124,3,2.08
20101205,UAS-miRNA,UAS-miR-124/+,miR-124,2.9,2.08
20101205,UAS-miRNA,UAS-miR-124/+,miR-124,2.9,2.08
20101205,UAS-miRNA,UAS-miR-124/+,miR-124,2.8,2.08
20101206,UAS-miRNA,UAS-miR-124/+,miR-124,2.9,2.2
20101206,UAS-miRNA,UAS-miR-124/+,miR-124,2.8,2.2
20101209,UAS-miRNA,UAS-miR-124/+,miR-124,2.9,2.375
20101209,UAS-miRNA,UAS-miR-124/+,miR-124,3.3,2.372
20101209,UAS-miRNA,UAS-miR-124/+,miR-124,3.2,2.375
20101128,S106>miRNA,S106-GAL4/UAS-miR-124,miR-124,3.1,2.03
20101128,S106>miRNA,S106-GAL4/UAS-miR-124,miR-124,2.9,2.03
20101129,S106>miRNA,S106-GAL4/UAS-miR-124,miR-124,2.8,2.13
20101129,S106>miRNA,S106-GAL4/UAS-miR-124,miR-124,3.1,2.13
20101129,S106>miRNA,S106-GAL4/UAS-miR-124,miR-124,3.1,2.13
20101129,S106>miRNA,S106-GAL4/UAS-miR-124,miR-124,3.1,2.13
20101130,S106>miRNA,S106-GAL4/UAS-miR-124,miR-124,2.8,2.1
20101130,S106>miRNA,S106-GAL4/UAS-miR-124,miR-124,3.5,2.1
20101130,S106>miRNA,S106-GAL4/UAS-miR-124,miR-124,2.7,2.1
20101201,S106>miRNA,S106-GAL4/UAS-miR-124,miR-124,3.2,2.05
20101201,S106>miRNA,S106-GAL4/UAS-miR-124,miR-124,3.2,2.05
20101201,S106>miRNA,S106-GAL4/UAS-miR-124,miR-124,3.3,2.05
20101202,S106>miRNA,S106-GAL4/UAS-miR-124,miR-124,3.5,2.425
20101202,S106>miRNA,S106-GAL4/UAS-miR-124,miR-124,3.3,2.425
20101202,S106>miRNA,S106-GAL4/UAS-miR-124,miR-124,3.2,2.425
20101202,S106>miRNA,S106-GAL4/UAS-miR-124,miR-124,3.3,2.425
20101202,S106>miRNA,S106-GAL4/UAS-miR-124,miR-124,3.3,2.425
20101202,S106>miRNA,S106-GAL4/UAS-miR-124,miR-124,3.2,2.425
20101203,S106>miRNA,S106-GAL4/UAS-miR-124,miR-124,3.3,2.23
20101203,S106>miRNA,S106-GAL4/UAS-miR-124,miR-124,3.2,2.23
20101203,S106>miRNA,S106-GAL4/UAS-miR-124,miR-124,3.4,2.23
20101204,S106>miRNA,S106-GAL4/UAS-miR-124,miR-124,3.1,2.13
20101204,S106>miRNA,S106-GAL4/UAS-miR-124,miR-124,3.3,2.13
20101205,S106>miRNA,S106-GAL4/UAS-miR-124,miR-124,3.2,2.08
20101205,S106>miRNA,S106-GAL4/UAS-miR-124,miR-124,2.9,2.08
20101206,S106>miRNA,S106-GAL4/UAS-miR-124,miR-124,3.1,2.2
20101206,S106>miRNA,S106-GAL4/UAS-miR-124,miR-124,3.1,2.2
20110306,UAS-miRNA,UAS-miR-263a/+,miR-263a,2,1.77
20110306,UAS-miRNA,UAS-miR-263a/+,miR-263a,2,1.77
20110306,UAS-miRNA,UAS-miR-263a/+,miR-263a,2.3,1.77
20110306,UAS-miRNA,UAS-miR-263a/+,miR-263a,2.3,1.77
20110309,UAS-miRNA,UAS-miR-263a/+,miR-263a,2.2,1.85
20110309,UAS-miRNA,UAS-miR-263a/+,miR-263a,2.3,1.85
20110309,UAS-miRNA,UAS-miR-263a/+,miR-263a,2.2,1.85
20110309,UAS-miRNA,UAS-miR-263a/+,miR-263a,2.35,1.85
20110309,UAS-miRNA,UAS-miR-263a/+,miR-263a,2.05,1.85
20110309,UAS-miRNA,UAS-miR-263a/+,miR-263a,2.5,1.85
20110309,UAS-miRNA,UAS-miR-263a/+,miR-263a,2.35,1.85
20110310,UAS-miRNA,UAS-miR-263a/+,miR-263a,1.95,1.69
20110310,UAS-miRNA,UAS-miR-263a/+,miR-263a,1.9,1.69
20110310,UAS-miRNA,UAS-miR-263a/+,miR-263a,2.3,1.69
20110311,UAS-miRNA,UAS-miR-263a/+,miR-263a,2.2,1.75
20110311,UAS-miRNA,UAS-miR-263a/+,miR-263a,2.2,1.75
20110312,UAS-miRNA,UAS-miR-263a/+,miR-263a,1.7,1.675
20110312,UAS-miRNA,UAS-miR-263a/+,miR-263a,2.1,1.675
20110312,UAS-miRNA,UAS-miR-263a/+,miR-263a,2.1,1.675
20110312,UAS-miRNA,UAS-miR-263a/+,miR-263a,2.1,1.675
20110306,S106>miRNA,S106-GAL4/UAS-miR-263a,miR-263a,2.6,1.77
20110306,S106>miRNA,S106-GAL4/UAS-miR-263a,miR-263a,2.3,1.77
20110306,S106>miRNA,S106-GAL4/UAS-miR-263a,miR-263a,2.4,1.77
20110306,S106>miRNA,S106-GAL4/UAS-miR-263a,miR-263a,2.6,1.77
20110306,S106>miRNA,S106-GAL4/UAS-miR-263a,miR-263a,2.45,1.77
20110309,S106>miRNA,S106-GAL4/UAS-miR-263a,miR-263a,2.2,1.85
20110309,S106>miRNA,S106-GAL4/UAS-miR-263a,miR-263a,2.1,1.85
20110309,S106>miRNA,S106-GAL4/UAS-miR-263a,miR-263a,2.55,1.85
20110309,S106>miRNA,S106-GAL4/UAS-miR-263a,miR-263a,2.15,1.85
20110309,S106>miRNA,S106-GAL4/UAS-miR-263a,miR-263a,2.25,1.85
20110309,S106>miRNA,S106-GAL4/UAS-miR-263a,miR-263a,2.5,1.85
20110309,S106>miRNA,S106-GAL4/UAS-miR-263a,miR-263a,2.15,1.85
20110309,S106>miRNA,S106-GAL4/UAS-miR-263a,miR-263a,2.1,1.85
20110309,S106>miRNA,S106-GAL4/UAS-miR-263a,miR-263a,2.4,1.85
20110309,S106>miRNA,S106-GAL4/UAS-miR-263a,miR-263a,2.3,1.85
20110309,S106>miRNA,S106-GAL4/UAS-miR-263a,miR-263a,2,1.85
20110309,S106>miRNA,S106-GAL4/UAS-miR-263a,miR-263a,2.45,1.85
20110309,S106>miRNA,S106-GAL4/UAS-miR-263a,miR-263a,2.25,1.85
20110309,S106>miRNA,S106-GAL4/UAS-miR-263a,miR-263a,2.25,1.85
20110309,S106>miRNA,S106-GAL4/UAS-miR-263a,miR-263a,2.3,1.85
20110309,S106>miRNA,S106-GAL4/UAS-miR-263a,miR-263a,2.4,1.85
20110310,S106>miRNA,S106-GAL4/UAS-miR-263a,miR-263a,2.25,1.69
20110310,S106>miRNA,S106-GAL4/UAS-miR-263a,miR-263a,2.2,1.69
20110310,S106>miRNA,S106-GAL4/UAS-miR-263a,miR-263a,2.05,1.69
20110310,S106>miRNA,S106-GAL4/UAS-miR-263a,miR-263a,2.45,1.69
20110311,S106>miRNA,S106-GAL4/UAS-miR-263a,miR-263a,2.1,1.75
20110311,S106>miRNA,S106-GAL4/UAS-miR-263a,miR-263a,2.3,1.75
20110311,S106>miRNA,S106-GAL4/UAS-miR-263a,miR-263a,2.35,1.75
20110312,S106>miRNA,S106-GAL4/UAS-miR-263a,miR-263a,2.1,1.675
20110312,S106>miRNA,S106-GAL4/UAS-miR-263a,miR-263a,2.1,1.675
20110312,S106>miRNA,S106-GAL4/UAS-miR-263a,miR-263a,1.95,1.675
20110312,S106>miRNA,S106-GAL4/UAS-miR-263a,miR-263a,1.95,1.675
20110312,S106>miRNA,S106-GAL4/UAS-miR-263a,miR-263a,2,1.675
20110312,S106>miRNA,S106-GAL4/UAS-miR-263a,miR-263a,2.5,1.675
20110312,S106>miRNA,S106-GAL4/UAS-miR-263a,miR-263a,2.05,1.675
20110313,UAS-miRNA,UAS-miR-274/+,miR-274,2.05,1.778
20110313,UAS-miRNA,UAS-miR-274/+,miR-274,2.1,1.778
20110313,UAS-miRNA,UAS-miR-274/+,miR-274,2.35,1.778
20110313,UAS-miRNA,UAS-miR-274/+,miR-274,2.3,1.778
20110313,UAS-miRNA,UAS-miR-274/+,miR-274,2.25,1.778
20110313,UAS-miRNA,UAS-miR-274/+,miR-274,2.1,1.778
20110313,UAS-miRNA,UAS-miR-274/+,miR-274,2.1,1.778
20110316,UAS-miRNA,UAS-miR-274/+,miR-274,2.4,1.75
20110316,UAS-miRNA,UAS-miR-274/+,miR-274,2,1.75
20110316,UAS-miRNA,UAS-miR-274/+,miR-274,2.1,1.75
20110317,UAS-miRNA,UAS-miR-274/+,miR-274,2.4,1.7
20110317,UAS-miRNA,UAS-miR-274/+,miR-274,2.4,1.7
20110318,UAS-miRNA,UAS-miR-274/+,miR-274,2,1.56
20110313,S106>miRNA,S106-GAL4/UAS-miR-274,miR-274,2.55,1.778
20110313,S106>miRNA,S106-GAL4/UAS-miR-274,miR-274,2.25,1.778
20110313,S106>miRNA,S106-GAL4/UAS-miR-274,miR-274,2.4,1.778
20110313,S106>miRNA,S106-GAL4/UAS-miR-274,miR-274,2.2,1.778
20110313,S106>miRNA,S106-GAL4/UAS-miR-274,miR-274,2.2,1.778
20110313,S106>miRNA,S106-GAL4/UAS-miR-274,miR-274,2.5,1.778
20110313,S106>miRNA,S106-GAL4/UAS-miR-274,miR-274,2.05,1.778
20110313,S106>miRNA,S106-GAL4/UAS-miR-274,miR-274,2.1,1.778
20110313,S106>miRNA,S106-GAL4/UAS-miR-274,miR-274,2.35,1.778
20110313,S106>miRNA,S106-GAL4/UAS-miR-274,miR-274,2.3,1.778
20110316,S106>miRNA,S106-GAL4/UAS-miR-274,miR-274,2.3,1.75
20110316,S106>miRNA,S106-GAL4/UAS-miR-274,miR-274,2.2,1.75
20110316,S106>miRNA,S106-GAL4/UAS-miR-274,miR-274,2.5,1.75
20110316,S106>miRNA,S106-GAL4/UAS-miR-274,miR-274,2.5,1.75
20110316,S106>miRNA,S106-GAL4/UAS-miR-274,miR-274,2.1,1.75
20110317,S106>miRNA,S106-GAL4/UAS-miR-274,miR-274,2.1,1.7
20110317,S106>miRNA,S106-GAL4/UAS-miR-274,miR-274,2.4,1.7
20110317,S106>miRNA,S106-GAL4/UAS-miR-274,miR-274,2.2,1.7
20110317,S106>miRNA,S106-GAL4/UAS-miR-274,miR-274,2.4,1.7
20110318,S106>miRNA,S106-GAL4/UAS-miR-274,miR-274,2.2,1.56
20110318,S106>miRNA,S106-GAL4/UAS-miR-274,miR-274,2.2,1.56
20110318,S106>miRNA,S106-GAL4/UAS-miR-274,miR-274,2.3,1.56
20110318,S106>miRNA,S106-GAL4/UAS-miR-274,miR-274,1.9,1.56
20110318,S106>miRNA,S106-GAL4/UAS-miR-274,miR-274,1.8,1.56
20110318,S106>miRNA,S106-GAL4/UAS-miR-274,miR-274,1.8,1.56
20101206,UAS-miRNA,UAS-miR-276a/+,miR-276a,3.2,2.2
20101206,UAS-miRNA,UAS-miR-276a/+,miR-276a,3,2.2
20101206,UAS-miRNA,UAS-miR-276a/+,miR-276a,3.1,2.2
20101207,UAS-miRNA,UAS-miR-276a/+,miR-276a,2.9,1.975
20101207,UAS-miRNA,UAS-miR-276a/+,miR-276a,2.6,1.975
20101207,UAS-miRNA,UAS-miR-276a/+,miR-276a,2.8,1.975
20101207,UAS-miRNA,UAS-miR-276a/+,miR-276a,2.8,1.975
20101207,UAS-miRNA,UAS-miR-276a/+,miR-276a,2.8,1.975
20101209,UAS-miRNA,UAS-miR-276a/+,miR-276a,3.3,2.375
20101209,UAS-miRNA,UAS-miR-276a/+,miR-276a,3.3,2.375
20101210,UAS-miRNA,UAS-miR-276a/+,miR-276a,3.3,2.4
20101210,UAS-miRNA,UAS-miR-276a/+,miR-276a,3.2,2.4
20101210,UAS-miRNA,UAS-miR-276a/+,miR-276a,3.5,2.4
20101210,UAS-miRNA,UAS-miR-276a/+,miR-276a,3.5,2.4
20101210,UAS-miRNA,UAS-miR-276a/+,miR-276a,3.4,2.4
20101211,UAS-miRNA,UAS-miR-276a/+,miR-276a,3,2.225
20101211,UAS-miRNA,UAS-miR-276a/+,miR-276a,2.9,2.225
20101211,UAS-miRNA,UAS-miR-276a/+,miR-276a,3.3,2.225
20101211,UAS-miRNA,UAS-miR-276a/+,miR-276a,3,2.225
20101211,UAS-miRNA,UAS-miR-276a/+,miR-276a,2.7,2.225
20101211,UAS-miRNA,UAS-miR-276a/+,miR-276a,3.3,2.225
20101212,UAS-miRNA,UAS-miR-276a/+,miR-276a,3.2,2.45
20101212,UAS-miRNA,UAS-miR-276a/+,miR-276a,3,2.45
20101212,UAS-miRNA,UAS-miR-276a/+,miR-276a,3.2,2.45
20101212,UAS-miRNA,UAS-miR-276a/+,miR-276a,3,2.45
20101212,UAS-miRNA,UAS-miR-276a/+,miR-276a,3,2.45
20101212,UAS-miRNA,UAS-miR-276a/+,miR-276a,3.3,2.45
20101212,UAS-miRNA,UAS-miR-276a/+,miR-276a,3.1,2.45
20101212,UAS-miRNA,UAS-miR-276a/+,miR-276a,3.1,2.45
20101212,UAS-miRNA,UAS-miR-276a/+,miR-276a,3.1,2.45
20101213,UAS-miRNA,UAS-miR-276a/+,miR-276a,3.5,2.35
20101213,UAS-miRNA,UAS-miR-276a/+,miR-276a,3.2,2.35
20101213,UAS-miRNA,UAS-miR-276a/+,miR-276a,3.3,2.35
20101207,S106>miRNA,S106-GAL4/UAS-miR-276a,miR-276a,2.6,1.975
20101207,S106>miRNA,S106-GAL4/UAS-miR-276a,miR-276a,3,1.975
20101207,S106>miRNA,S106-GAL4/UAS-miR-276a,miR-276a,2.7,1.975
20101207,S106>miRNA,S106-GAL4/UAS-miR-276a,miR-276a,2.7,1.975
20101209,S106>miRNA,S106-GAL4/UAS-miR-276a,miR-276a,3.3,2.375
20101209,S106>miRNA,S106-GAL4/UAS-miR-276a,miR-276a,3.3,2.375
20101209,S106>miRNA,S106-GAL4/UAS-miR-276a,miR-276a,3.3,2.375
20101209,S106>miRNA,S106-GAL4/UAS-miR-276a,miR-276a,3.1,2.375
20101210,S106>miRNA,S106-GAL4/UAS-miR-276a,miR-276a,3.2,2.4
20101210,S106>miRNA,S106-GAL4/UAS-miR-276a,miR-276a,3.5,2.4
20101210,S106>miRNA,S106-GAL4/UAS-miR-276a,miR-276a,3.6,2.4
20101211,S106>miRNA,S106-GAL4/UAS-miR-276a,miR-276a,3.4,2.225
20101211,S106>miRNA,S106-GAL4/UAS-miR-276a,miR-276a,3.4,2.225
20101211,S106>miRNA,S106-GAL4/UAS-miR-276a,miR-276a,3.3,2.225
20101211,S106>miRNA,S106-GAL4/UAS-miR-276a,miR-276a,2.9,2.225
20101211,S106>miRNA,S106-GAL4/UAS-miR-276a,miR-276a,3.3,2.225
20101212,S106>miRNA,S106-GAL4/UAS-miR-276a,miR-276a,3.5,2.45
20101212,S106>miRNA,S106-GAL4/UAS-miR-276a,miR-276a,3.5,2.45
20101212,S106>miRNA,S106-GAL4/UAS-miR-276a,miR-276a,3.4,2.45
20101212,S106>miRNA,S106-GAL4/UAS-miR-276a,miR-276a,3.4,2.45
20101212,S106>miRNA,S106-GAL4/UAS-miR-276a,miR-276a,3.7,2.45
20101212,S106>miRNA,S106-GAL4/UAS-miR-276a,miR-276a,3.5,2.45
20101212,S106>miRNA,S106-GAL4/UAS-miR-276a,miR-276a,3.4,2.45
20101213,S106>miRNA,S106-GAL4/UAS-miR-276a,miR-276a,3.1,2.35
20101213,S106>miRNA,S106-GAL4/UAS-miR-276a,miR-276a,3.4,2.35
20101213,S106>miRNA,S106-GAL4/UAS-miR-276a,miR-276a,3.2,2.35
20101213,S106>miRNA,S106-GAL4/UAS-miR-276a,miR-276a,3.4,2.35
20101206,UAS-miRNA,UAS-miR-277/+,miR-277,2.9,2.2
20101206,UAS-miRNA,UAS-miR-277/+,miR-277,3.1,2.2
20101207,UAS-miRNA,UAS-miR-277/+,miR-277,2.9,1.975
20101207,UAS-miRNA,UAS-miR-277/+,miR-277,3,1.975
20101207,UAS-miRNA,UAS-miR-277/+,miR-277,2.9,1.975
20101207,UAS-miRNA,UAS-miR-277/+,miR-277,2.9,1.975
20101209,UAS-miRNA,UAS-miR-277/+,miR-277,3.3,2.375
20101209,UAS-miRNA,UAS-miR-277/+,miR-277,3.3,2.375
20101209,UAS-miRNA,UAS-miR-277/+,miR-277,3.3,2.375
20101209,UAS-miRNA,UAS-miR-277/+,miR-277,3.2,2.375
20101209,UAS-miRNA,UAS-miR-277/+,miR-277,3.1,2.375
20101210,UAS-miRNA,UAS-miR-277/+,miR-277,3.6,2.4
20101210,UAS-miRNA,UAS-miR-277/+,miR-277,3.5,2.4
20101212,UAS-miRNA,UAS-miR-277/+,miR-277,3.2,2.45
20101212,UAS-miRNA,UAS-miR-277/+,miR-277,3.5,2.45
20101212,UAS-miRNA,UAS-miR-277/+,miR-277,2.9,2.45
20101212,UAS-miRNA,UAS-miR-277/+,miR-277,3.4,2.45
20101212,UAS-miRNA,UAS-miR-277/+,miR-277,3.3,2.45
20101212,UAS-miRNA,UAS-miR-277/+,miR-277,3.2,2.45
20101213,UAS-miRNA,UAS-miR-277/+,miR-277,2.8,2.35
20101213,UAS-miRNA,UAS-miR-277/+,miR-277,3,2.35
20101213,UAS-miRNA,UAS-miR-277/+,miR-277,2.7,2.35
20101206,S106>miRNA,S106-GAL4/UAS-miR-277,miR-277,3.1,2.2
20101207,S106>miRNA,S106-GAL4/UAS-miR-277,miR-277,2.9,1.975
20101207,S106>miRNA,S106-GAL4/UAS-miR-277,miR-277,3,1.975
20101207,S106>miRNA,S106-GAL4/UAS-miR-277,miR-277,3.3,1.975
20101207,S106>miRNA,S106-GAL4/UAS-miR-277,miR-277,2.8,1.975
20101209,S106>miRNA,S106-GAL4/UAS-miR-277,miR-277,3.1,2.375
20101209,S106>miRNA,S106-GAL4/UAS-miR-277,miR-277,3.4,2.375
20101210,S106>miRNA,S106-GAL4/UAS-miR-277,miR-277,3.5,2.4
20101210,S106>miRNA,S106-GAL4/UAS-miR-277,miR-277,3.5,2.4
20101210,S106>miRNA,S106-GAL4/UAS-miR-277,miR-277,3.4,2.4
20101210,S106>miRNA,S106-GAL4/UAS-miR-277,miR-277,3.3,2.4
20101210,S106>miRNA,S106-GAL4/UAS-miR-277,miR-277,3.3,2.4
20101211,S106>miRNA,S106-GAL4/UAS-miR-277,miR-277,3.1,2.225
20101211,S106>miRNA,S106-GAL4/UAS-miR-277,miR-277,3.1,2.225
20101211,S106>miRNA,S106-GAL4/UAS-miR-277,miR-277,3.1,2.225
20101211,S106>miRNA,S106-GAL4/UAS-miR-277,miR-277,3.3,2.225
20101211,S106>miRNA,S106-GAL4/UAS-miR-277,miR-277,3.4,2.225
20101211,S106>miRNA,S106-GAL4/UAS-miR-277,miR-277,3.4,2.225
20101211,S106>miRNA,S106-GAL4/UAS-miR-277,miR-277,3.4,2.225
20101212,S106>miRNA,S106-GAL4/UAS-miR-277,miR-277,3.6,2.45
20101212,S106>miRNA,S106-GAL4/UAS-miR-277,miR-277,3.4,2.45
20101212,S106>miRNA,S106-GAL4/UAS-miR-277,miR-277,3.5,2.45
20101212,S106>miRNA,S106-GAL4/UAS-miR-277,miR-277,3.3,2.45
20101212,S106>miRNA,S106-GAL4/UAS-miR-277,miR-277,3.4,2.45
20101212,S106>miRNA,S106-GAL4/UAS-miR-277,miR-277,3.4,2.45
20101213,S106>miRNA,S106-GAL4/UAS-miR-277,miR-277,3.3,2.35
20101213,S106>miRNA,S106-GAL4/UAS-miR-277,miR-277,3.3,2.35
20101206,UAS-miRNA,UAS-miR-278/+,miR-278,3.2,2.2
20101206,UAS-miRNA,UAS-miR-278/+,miR-278,3,2.2
20101206,UAS-miRNA,UAS-miR-278/+,miR-278,3.1,2.2
20101207,UAS-miRNA,UAS-miR-278/+,miR-278,2.7,1.975
20101207,UAS-miRNA,UAS-miR-278/+,miR-278,3,1.975
20101207,UAS-miRNA,UAS-miR-278/+,miR-278,2.9,1.975
20101207,UAS-miRNA,UAS-miR-278/+,miR-278,2.9,1.975
20101209,UAS-miRNA,UAS-miR-278/+,miR-278,3.1,2.375
20101209,UAS-miRNA,UAS-miR-278/+,miR-278,3.1,2.375
20101209,UAS-miRNA,UAS-miR-278/+,miR-278,3.4,2.375
20101209,UAS-miRNA,UAS-miR-278/+,miR-278,3.2,2.375
20101210,UAS-miRNA,UAS-miR-278/+,miR-278,3.3,2.4
20101211,UAS-miRNA,UAS-miR-278/+,miR-278,3.4,2.225
20101211,UAS-miRNA,UAS-miR-278/+,miR-278,3.4,2.225
20101211,UAS-miRNA,UAS-miR-278/+,miR-278,2.9,2.225
20101212,UAS-miRNA,UAS-miR-278/+,miR-278,3.4,2.45
20101212,UAS-miRNA,UAS-miR-278/+,miR-278,3.2,2.45
20101212,UAS-miRNA,UAS-miR-278/+,miR-278,2.9,2.45
20101212,UAS-miRNA,UAS-miR-278/+,miR-278,3.5,2.45
20101212,UAS-miRNA,UAS-miR-278/+,miR-278,3.3,2.45
20101212,UAS-miRNA,UAS-miR-278/+,miR-278,3.1,2.45
20101212,UAS-miRNA,UAS-miR-278/+,miR-278,3.1,2.45
20101212,UAS-miRNA,UAS-miR-278/+,miR-278,3.4,2.45
20101212,UAS-miRNA,UAS-miR-278/+,miR-278,3.1,2.45
20101212,UAS-miRNA,UAS-miR-278/+,miR-278,3,2.45
20101213,UAS-miRNA,UAS-miR-278/+,miR-278,3.1,2.35
20101213,UAS-miRNA,UAS-miR-278/+,miR-278,2.9,2.35
20101213,UAS-miRNA,UAS-miR-278/+,miR-278,3.2,2.35
20101213,UAS-miRNA,UAS-miR-278/+,miR-278,3.1,2.35
20101207,S106>miRNA,S106-GAL4/UAS-miR-278,miR-278,3.4,1.975
20101207,S106>miRNA,S106-GAL4/UAS-miR-278,miR-278,2.7,1.975
20101207,S106>miRNA,S106-GAL4/UAS-miR-278,miR-278,3,1.975
20101207,S106>miRNA,S106-GAL4/UAS-miR-278,miR-278,3.1,1.975
20101209,S106>miRNA,S106-GAL4/UAS-miR-278,miR-278,3.3,2.375
20101209,S106>miRNA,S106-GAL4/UAS-miR-278,miR-278,3.5,2.375
20101209,S106>miRNA,S106-GAL4/UAS-miR-278,miR-278,3.1,2.375
20101210,S106>miRNA,S106-GAL4/UAS-miR-278,miR-278,3.6,2.4
20101210,S106>miRNA,S106-GAL4/UAS-miR-278,miR-278,3.5,2.4
20101210,S106>miRNA,S106-GAL4/UAS-miR-278,miR-278,3.5,2.4
20101210,S106>miRNA,S106-GAL4/UAS-miR-278,miR-278,3.4,2.4
20101211,S106>miRNA,S106-GAL4/UAS-miR-278,miR-278,3.4,2.225
20101211,S106>miRNA,S106-GAL4/UAS-miR-278,miR-278,3.4,2.225
20101211,S106>miRNA,S106-GAL4/UAS-miR-278,miR-278,3.5,2.225
20101212,S106>miRNA,S106-GAL4/UAS-miR-278,miR-278,3.3,2.45
20101212,S106>miRNA,S106-GAL4/UAS-miR-278,miR-278,3.3,2.45
20101212,S106>miRNA,S106-GAL4/UAS-miR-278,miR-278,3.3,2.45
20101212,S106>miRNA,S106-GAL4/UAS-miR-278,miR-278,3.3,2.45
20101212,S106>miRNA,S106-GAL4/UAS-miR-278,miR-278,3.3,2.45
20101212,S106>miRNA,S106-GAL4/UAS-miR-278,miR-278,3,2.45
20101212,S106>miRNA,S106-GAL4/UAS-miR-278,miR-278,3.1,2.45
20101213,S106>miRNA,S106-GAL4/UAS-miR-278,miR-278,3.1,2.35
20101213,S106>miRNA,S106-GAL4/UAS-miR-278,miR-278,2.9,2.35
20101213,S106>miRNA,S106-GAL4/UAS-miR-278,miR-278,3.2,2.35
20110313,UAS-miRNA,UAS-miR-279/+,miR-279,2.25,1.778
20110313,UAS-miRNA,UAS-miR-279/+,miR-279,2.2,1.778
20110313,UAS-miRNA,UAS-miR-279/+,miR-279,2.15,1.778
20110313,UAS-miRNA,UAS-miR-279/+,miR-279,2.1,1.778
20110313,UAS-miRNA,UAS-miR-279/+,miR-279,2.1,1.778
20110313,UAS-miRNA,UAS-miR-279/+,miR-279,1.9,1.778
20110313,UAS-miRNA,UAS-miR-279/+,miR-279,1.9,1.778
20110316,UAS-miRNA,UAS-miR-279/+,miR-279,2.5,1.75
20110316,UAS-miRNA,UAS-miR-279/+,miR-279,2.4,1.75
20110316,UAS-miRNA,UAS-miR-279/+,miR-279,2.2,1.75
20110316,UAS-miRNA,UAS-miR-279/+,miR-279,2.4,1.75
20110316,UAS-miRNA,UAS-miR-279/+,miR-279,2.2,1.75
20110316,UAS-miRNA,UAS-miR-279/+,miR-279,2.1,1.75
20110317,UAS-miRNA,UAS-miR-279/+,miR-279,2.1,1.7
20110317,UAS-miRNA,UAS-miR-279/+,miR-279,1.9,1.7
20110318,UAS-miRNA,UAS-miR-279/+,miR-279,1.7,1.56
20110318,UAS-miRNA,UAS-miR-279/+,miR-279,2,1.56
20110318,UAS-miRNA,UAS-miR-279/+,miR-279,2.1,1.56
20110313,S106>miRNA,S106-GAL4/UAS-miR-279,miR-279,2.15,1.778
20110313,S106>miRNA,S106-GAL4/UAS-miR-279,miR-279,2.35,1.778
20110313,S106>miRNA,S106-GAL4/UAS-miR-279,miR-279,2.1,1.778
20110313,S106>miRNA,S106-GAL4/UAS-miR-279,miR-279,2.1,1.778
20110313,S106>miRNA,S106-GAL4/UAS-miR-279,miR-279,2.5,1.778
20110313,S106>miRNA,S106-GAL4/UAS-miR-279,miR-279,2.45,1.778
20110313,S106>miRNA,S106-GAL4/UAS-miR-279,miR-279,2.15,1.778
20110313,S106>miRNA,S106-GAL4/UAS-miR-279,miR-279,2,1.778
20110313,S106>miRNA,S106-GAL4/UAS-miR-279,miR-279,2.2,1.778
20110313,S106>miRNA,S106-GAL4/UAS-miR-279,miR-279,2.5,1.778
20110313,S106>miRNA,S106-GAL4/UAS-miR-279,miR-279,2.1,1.778
20110313,S106>miRNA,S106-GAL4/UAS-miR-279,miR-279,2.45,1.778
20110316,S106>miRNA,S106-GAL4/UAS-miR-279,miR-279,2.3,1.75
20110316,S106>miRNA,S106-GAL4/UAS-miR-279,miR-279,2.15,1.75
20110316,S106>miRNA,S106-GAL4/UAS-miR-279,miR-279,2,1.75
20110316,S106>miRNA,S106-GAL4/UAS-miR-279,miR-279,2.45,1.75
20110316,S106>miRNA,S106-GAL4/UAS-miR-279,miR-279,2.2,1.75
20110316,S106>miRNA,S106-GAL4/UAS-miR-279,miR-279,2,1.75
20110316,S106>miRNA,S106-GAL4/UAS-miR-279,miR-279,2.35,1.75
20110316,S106>miRNA,S106-GAL4/UAS-miR-279,miR-279,2.4,1.75
20110317,S106>miRNA,S106-GAL4/UAS-miR-279,miR-279,2.5,1.7
20110317,S106>miRNA,S106-GAL4/UAS-miR-279,miR-279,2.3,1.7
20110317,S106>miRNA,S106-GAL4/UAS-miR-279,miR-279,2.3,1.7
20110317,S106>miRNA,S106-GAL4/UAS-miR-279,miR-279,2.4,1.7
20110317,S106>miRNA,S106-GAL4/UAS-miR-279,miR-279,2.3,1.7
20110317,S106>miRNA,S106-GAL4/UAS-miR-279,miR-279,2.2,1.7
20110317,S106>miRNA,S106-GAL4/UAS-miR-279,miR-279,2.3,1.7
20110318,S106>miRNA,S106-GAL4/UAS-miR-279,miR-279,2,1.56
20110318,S106>miRNA,S106-GAL4/UAS-miR-279,miR-279,1.9,1.56
20110318,S106>miRNA,S106-GAL4/UAS-miR-279,miR-279,2,1.56
20110318,S106>miRNA,S106-GAL4/UAS-miR-279,miR-279,2.1,1.56
20110318,S106>miRNA,S106-GAL4/UAS-miR-279,miR-279,1.95,1.56
20110323,UAS-miRNA,UAS-miR-284/+,miR-284,2.4,1.86
20110323,UAS-miRNA,UAS-miR-284/+,miR-284,2.25,1.86
20110323,UAS-miRNA,UAS-miR-284/+,miR-284,2,1.86
20110323,UAS-miRNA,UAS-miR-284/+,miR-284,2.3,1.86
20110323,UAS-miRNA,UAS-miR-284/+,miR-284,2,1.86
20110323,UAS-miRNA,UAS-miR-284/+,miR-284,2.3,1.86
20110323,UAS-miRNA,UAS-miR-284/+,miR-284,2.3,1.86
20110323,UAS-miRNA,UAS-miR-284/+,miR-284,2.3,1.86
20110323,UAS-miRNA,UAS-miR-284/+,miR-284,2.4,1.86
20110323,UAS-miRNA,UAS-miR-284/+,miR-284,2.5,1.86
20110323,UAS-miRNA,UAS-miR-284/+,miR-284,2.45,1.86
20110323,UAS-miRNA,UAS-miR-284/+,miR-284,2.4,1.86
20110323,UAS-miRNA,UAS-miR-284/+,miR-284,2,1.86
20110323,UAS-miRNA,UAS-miR-284/+,miR-284,2,1.86
20110323,UAS-miRNA,UAS-miR-284/+,miR-284,2.15,1.86
20110324,UAS-miRNA,UAS-miR-284/+,miR-284,2.2,1.68
20110324,UAS-miRNA,UAS-miR-284/+,miR-284,2.2,1.68
20110324,UAS-miRNA,UAS-miR-284/+,miR-284,2.35,1.68
20110325,UAS-miRNA,UAS-miR-284/+,miR-284,1.95,1.8
20110325,UAS-miRNA,UAS-miR-284/+,miR-284,1.95,1.8
20110325,UAS-miRNA,UAS-miR-284/+,miR-284,2,1.8
20110325,UAS-miRNA,UAS-miR-284/+,miR-284,2.1,1.8
20110326,UAS-miRNA,UAS-miR-284/+,miR-284,2.3,1.64
20110326,UAS-miRNA,UAS-miR-284/+,miR-284,2,1.64
20110326,UAS-miRNA,UAS-miR-284/+,miR-284,2.1,1.64
20110326,UAS-miRNA,UAS-miR-284/+,miR-284,2.25,1.64
20110326,UAS-miRNA,UAS-miR-284/+,miR-284,2.1,1.64
20110326,UAS-miRNA,UAS-miR-284/+,miR-284,2.1,1.64
20110326,UAS-miRNA,UAS-miR-284/+,miR-284,2.3,1.64
20110326,UAS-miRNA,UAS-miR-284/+,miR-284,2.3,1.64
20110326,UAS-miRNA,UAS-miR-284/+,miR-284,2.3,1.64
20110326,UAS-miRNA,UAS-miR-284/+,miR-284,2.2,1.64
20110326,UAS-miRNA,UAS-miR-284/+,miR-284,2.2,1.64
20110326,UAS-miRNA,UAS-miR-284/+,miR-284,2.2,1.64
20110323,S106>miRNA,S106-GAL4/UAS-miR-284,miR-284,1.9,1.86
20110323,S106>miRNA,S106-GAL4/UAS-miR-284,miR-284,2.15,1.86
20110323,S106>miRNA,S106-GAL4/UAS-miR-284,miR-284,2.1,1.86
20110323,S106>miRNA,S106-GAL4/UAS-miR-284,miR-284,2.1,1.86
20110323,S106>miRNA,S106-GAL4/UAS-miR-284,miR-284,2.15,1.86
20110323,S106>miRNA,S106-GAL4/UAS-miR-284,miR-284,1.95,1.86
20110323,S106>miRNA,S106-GAL4/UAS-miR-284,miR-284,2.45,1.86
20110323,S106>miRNA,S106-GAL4/UAS-miR-284,miR-284,2.35,1.86
20110323,S106>miRNA,S106-GAL4/UAS-miR-284,miR-284,2.1,1.86
20110323,S106>miRNA,S106-GAL4/UAS-miR-284,miR-284,2.2,1.86
20110323,S106>miRNA,S106-GAL4/UAS-miR-284,miR-284,2.1,1.86
20110323,S106>miRNA,S106-GAL4/UAS-miR-284,miR-284,2.2,1.86
20110323,S106>miRNA,S106-GAL4/UAS-miR-284,miR-284,2.3,1.86
20110323,S106>miRNA,S106-GAL4/UAS-miR-284,miR-284,2.2,1.86
20110324,S106>miRNA,S106-GAL4/UAS-miR-284,miR-284,1.95,1.68
20110324,S106>miRNA,S106-GAL4/UAS-miR-284,miR-284,2.3,1.68
20110324,S106>miRNA,S106-GAL4/UAS-miR-284,miR-284,2.4,1.68
20110324,S106>miRNA,S106-GAL4/UAS-miR-284,miR-284,2.35,1.68
20110325,S106>miRNA,S106-GAL4/UAS-miR-284,miR-284,2.1,1.8
20110325,S106>miRNA,S106-GAL4/UAS-miR-284,miR-284,2.05,1.8
20110326,S106>miRNA,S106-GAL4/UAS-miR-284,miR-284,2.2,1.64
20110326,S106>miRNA,S106-GAL4/UAS-miR-284,miR-284,1.95,1.64
20110326,S106>miRNA,S106-GAL4/UAS-miR-284,miR-284,1.8,1.64
20110326,S106>miRNA,S106-GAL4/UAS-miR-284,miR-284,1.95,1.64
20110326,S106>miRNA,S106-GAL4/UAS-miR-284,miR-284,2,1.64
20110326,S106>miRNA,S106-GAL4/UAS-miR-284,miR-284,2.05,1.64
20110326,S106>miRNA,S106-GAL4/UAS-miR-284,miR-284,2.25,1.64
20110326,S106>miRNA,S106-GAL4/UAS-miR-284,miR-284,2,1.64
20110326,S106>miRNA,S106-GAL4/UAS-miR-284,miR-284,2.2,1.64
20110326,S106>miRNA,S106-GAL4/UAS-miR-284,miR-284,2.2,1.64
20110326,S106>miRNA,S106-GAL4/UAS-miR-284,miR-284,1.8,1.64
20110326,S106>miRNA,S106-GAL4/UAS-miR-284,miR-284,2.15,1.64
20110326,S106>miRNA,S106-GAL4/UAS-miR-284,miR-284,2.4,1.64
20110326,S106>miRNA,S106-GAL4/UAS-miR-284,miR-284,2.4,1.64
20110518,UAS-miRNA,UAS-miR-285/+,miR-285,2.25,1.775
20110518,UAS-miRNA,UAS-miR-285/+,miR-285,1.9,1.775
20110518,UAS-miRNA,UAS-miR-285/+,miR-285,2.3,1.775
20110518,UAS-miRNA,UAS-miR-285/+,miR-285,2.2,1.775
20110520,UAS-miRNA,UAS-miR-285/+,miR-285,2.2,1.6
20110520,UAS-miRNA,UAS-miR-285/+,miR-285,2.3,1.6
20110520,UAS-miRNA,UAS-miR-285/+,miR-285,2.1,1.6
20110520,UAS-miRNA,UAS-miR-285/+,miR-285,2.4,1.6
20110520,UAS-miRNA,UAS-miR-285/+,miR-285,2.4,1.6
20110520,UAS-miRNA,UAS-miR-285/+,miR-285,2.3,1.6
20110520,UAS-miRNA,UAS-miR-285/+,miR-285,2.2,1.6
20110520,UAS-miRNA,UAS-miR-285/+,miR-285,2.2,1.6
20110520,UAS-miRNA,UAS-miR-285/+,miR-285,2.2,1.6
20110521,UAS-miRNA,UAS-miR-285/+,miR-285,2.1,1.7
20110521,UAS-miRNA,UAS-miR-285/+,miR-285,2.3,1.7
20110522,UAS-miRNA,UAS-miR-285/+,miR-285,2,1.7
20110522,UAS-miRNA,UAS-miR-285/+,miR-285,2.4,1.7
20110522,UAS-miRNA,UAS-miR-285/+,miR-285,2.5,1.7
20110518,S106>miRNA,S106-GAL4/UAS-miR-285,miR-285,2.1,1.775
20110518,S106>miRNA,S106-GAL4/UAS-miR-285,miR-285,2.1,1.775
20110518,S106>miRNA,S106-GAL4/UAS-miR-285,miR-285,1.9,1.775
20110518,S106>miRNA,S106-GAL4/UAS-miR-285,miR-285,2.3,1.775
20110520,S106>miRNA,S106-GAL4/UAS-miR-285,miR-285,2.4,1.6
20110520,S106>miRNA,S106-GAL4/UAS-miR-285,miR-285,2.2,1.6
20110520,S106>miRNA,S106-GAL4/UAS-miR-285,miR-285,2.4,1.6
20110520,S106>miRNA,S106-GAL4/UAS-miR-285,miR-285,2,1.6
20110520,S106>miRNA,S106-GAL4/UAS-miR-285,miR-285,2.2,1.6
20110520,S106>miRNA,S106-GAL4/UAS-miR-285,miR-285,2.2,1.6
20110521,S106>miRNA,S106-GAL4/UAS-miR-285,miR-285,2.3,1.7
20110521,S106>miRNA,S106-GAL4/UAS-miR-285,miR-285,2.25,1.7
20110521,S106>miRNA,S106-GAL4/UAS-miR-285,miR-285,2.3,1.7
20110521,S106>miRNA,S106-GAL4/UAS-miR-285,miR-285,2.3,1.7
20110521,S106>miRNA,S106-GAL4/UAS-miR-285,miR-285,2.2,1.7
20110522,S106>miRNA,S106-GAL4/UAS-miR-285,miR-285,2.2,1.7
20110522,S106>miRNA,S106-GAL4/UAS-miR-285,miR-285,2.3,1.7
20110522,S106>miRNA,S106-GAL4/UAS-miR-285,miR-285,2.05,1.7
20110522,S106>miRNA,S106-GAL4/UAS-miR-285,miR-285,2.1,1.7
20110518,UAS-miRNA,UAS-miR-286/+,miR-286,2.4,1.775
20110518,UAS-miRNA,UAS-miR-286/+,miR-286,2.1,1.775
20110518,UAS-miRNA,UAS-miR-286/+,miR-286,2.1,1.775
20110518,UAS-miRNA,UAS-miR-286/+,miR-286,2.1,1.775
20110520,UAS-miRNA,UAS-miR-286/+,miR-286,2.3,1.6
20110520,UAS-miRNA,UAS-miR-286/+,miR-286,2.05,1.6
20110520,UAS-miRNA,UAS-miR-286/+,miR-286,2.2,1.6
20110521,UAS-miRNA,UAS-miR-286/+,miR-286,2.4,1.7
20110521,UAS-miRNA,UAS-miR-286/+,miR-286,2.25,1.7
20110521,UAS-miRNA,UAS-miR-286/+,miR-286,2.3,1.7
20110522,UAS-miRNA,UAS-miR-286/+,miR-286,2.25,1.7
20110522,UAS-miRNA,UAS-miR-286/+,miR-286,2.4,1.7
20110522,UAS-miRNA,UAS-miR-286/+,miR-286,2.4,1.7
20110518,S106>miRNA,S106-GAL4/UAS-miR-286,miR-286,2.3,1.775
20110518,S106>miRNA,S106-GAL4/UAS-miR-286,miR-286,2.3,1.775
20110520,S106>miRNA,S106-GAL4/UAS-miR-286,miR-286,2.35,1.6
20110520,S106>miRNA,S106-GAL4/UAS-miR-286,miR-286,2.4,1.6
20110520,S106>miRNA,S106-GAL4/UAS-miR-286,miR-286,2.3,1.6
20110520,S106>miRNA,S106-GAL4/UAS-miR-286,miR-286,2.45,1.6
20110520,S106>miRNA,S106-GAL4/UAS-miR-286,miR-286,2.5,1.6
20110521,S106>miRNA,S106-GAL4/UAS-miR-286,miR-286,2.35,1.7
20110521,S106>miRNA,S106-GAL4/UAS-miR-286,miR-286,2.35,1.7
20110521,S106>miRNA,S106-GAL4/UAS-miR-286,miR-286,2.45,1.7
20110521,S106>miRNA,S106-GAL4/UAS-miR-286,miR-286,2.45,1.7
20110522,S106>miRNA,S106-GAL4/UAS-miR-286,miR-286,2.3,1.7
20110522,S106>miRNA,S106-GAL4/UAS-miR-286,miR-286,2.25,1.7
20110522,S106>miRNA,S106-GAL4/UAS-miR-286,miR-286,2.15,1.7
20110522,S106>miRNA,S106-GAL4/UAS-miR-286,miR-286,2.5,1.7
20110601,UAS-miRNA,UAS-miR-288/+,miR-288,2.2,1.7
20110601,UAS-miRNA,UAS-miR-288/+,miR-288,2.2,1.7
20110601,UAS-miRNA,UAS-miR-288/+,miR-288,2.2,1.7
20110601,UAS-miRNA,UAS-miR-288/+,miR-288,2.25,1.7
20110601,UAS-miRNA,UAS-miR-288/+,miR-288,2.2,1.7
20110603,UAS-miRNA,UAS-miR-288/+,miR-288,2.3,1.76
20110603,UAS-miRNA,UAS-miR-288/+,miR-288,2.25,1.76
20110603,UAS-miRNA,UAS-miR-288/+,miR-288,2.1,1.76
20110603,UAS-miRNA,UAS-miR-288/+,miR-288,2.15,1.76
20110604,UAS-miRNA,UAS-miR-288/+,miR-288,2.35,1.71
20110604,UAS-miRNA,UAS-miR-288/+,miR-288,2.4,1.71
20110604,UAS-miRNA,UAS-miR-288/+,miR-288,2.4,1.71
20110604,UAS-miRNA,UAS-miR-288/+,miR-288,2.5,1.71
20110601,S106>miRNA,S106-GAL4/UAS-miR-288,miR-288,2,1.7
20110601,S106>miRNA,S106-GAL4/UAS-miR-288,miR-288,2.4,1.7
20110601,S106>miRNA,S106-GAL4/UAS-miR-288,miR-288,2.3,1.7
20110601,S106>miRNA,S106-GAL4/UAS-miR-288,miR-288,2.3,1.7
20110601,S106>miRNA,S106-GAL4/UAS-miR-288,miR-288,2.2,1.7
20110601,S106>miRNA,S106-GAL4/UAS-miR-288,miR-288,2.1,1.7
20110601,S106>miRNA,S106-GAL4/UAS-miR-288,miR-288,2.2,1.7
20110603,S106>miRNA,S106-GAL4/UAS-miR-288,miR-288,2.3,1.76
20110603,S106>miRNA,S106-GAL4/UAS-miR-288,miR-288,2.3,1.76
20110603,S106>miRNA,S106-GAL4/UAS-miR-288,miR-288,2.25,1.76
20110603,S106>miRNA,S106-GAL4/UAS-miR-288,miR-288,2.15,1.76
20110603,S106>miRNA,S106-GAL4/UAS-miR-288,miR-288,2,1.76
20110603,S106>miRNA,S106-GAL4/UAS-miR-288,miR-288,2.2,1.76
20110603,S106>miRNA,S106-GAL4/UAS-miR-288,miR-288,2.4,1.76
20110603,S106>miRNA,S106-GAL4/UAS-miR-288,miR-288,2.35,1.76
20110603,S106>miRNA,S106-GAL4/UAS-miR-288,miR-288,2,1.76
20110603,S106>miRNA,S106-GAL4/UAS-miR-288,miR-288,2.1,1.76
20110603,S106>miRNA,S106-GAL4/UAS-miR-288,miR-288,2.05,1.76
20110604,S106>miRNA,S106-GAL4/UAS-miR-288,miR-288,2.1,1.71
20110604,S106>miRNA,S106-GAL4/UAS-miR-288,miR-288,2.45,1.71
20110604,S106>miRNA,S106-GAL4/UAS-miR-288,miR-288,2.3,1.71
20110604,S106>miRNA,S106-GAL4/UAS-miR-288,miR-288,2.45,1.71
20110604,S106>miRNA,S106-GAL4/UAS-miR-288,miR-288,2.3,1.71
20110427,UAS-miRNA,UAS-miR-303/+,miR-303,2.1,1.76
20110427,UAS-miRNA,UAS-miR-303/+,miR-303,2.3,1.76
20110427,UAS-miRNA,UAS-miR-303/+,miR-303,2.1,1.76
20110427,UAS-miRNA,UAS-miR-303/+,miR-303,2.2,1.76
20110427,UAS-miRNA,UAS-miR-303/+,miR-303,2.3,1.76
20110428,UAS-miRNA,UAS-miR-303/+,miR-303,2.1,1.54
20110428,UAS-miRNA,UAS-miR-303/+,miR-303,2.15,1.54
20110429,UAS-miRNA,UAS-miR-303/+,miR-303,2.6,1.925
20110429,UAS-miRNA,UAS-miR-303/+,miR-303,2.55,1.925
20110430,UAS-miRNA,UAS-miR-303/+,miR-303,2.3,1.5
20110430,UAS-miRNA,UAS-miR-303/+,miR-303,2.2,1.5
20110430,UAS-miRNA,UAS-miR-303/+,miR-303,2.05,1.5
20110501,UAS-miRNA,UAS-miR-303/+,miR-303,1.95,1.72
20110501,UAS-miRNA,UAS-miR-303/+,miR-303,1.9,1.72
20110427,S106>miRNA,S106-GAL4/UAS-miR-303,miR-303,2.2,1.76
20110428,S106>miRNA,S106-GAL4/UAS-miR-303,miR-303,2,1.54
20110428,S106>miRNA,S106-GAL4/UAS-miR-303,miR-303,2.1,1.54
20110428,S106>miRNA,S106-GAL4/UAS-miR-303,miR-303,2,1.54
20110428,S106>miRNA,S106-GAL4/UAS-miR-303,miR-303,1.95,1.54
20110429,S106>miRNA,S106-GAL4/UAS-miR-303,miR-303,2.4,1.925
20110429,S106>miRNA,S106-GAL4/UAS-miR-303,miR-303,2.55,1.925
20110429,S106>miRNA,S106-GAL4/UAS-miR-303,miR-303,2.3,1.925
20110430,S106>miRNA,S106-GAL4/UAS-miR-303,miR-303,2.1,1.5
20110430,S106>miRNA,S106-GAL4/UAS-miR-303,miR-303,2.1,1.5
20110501,S106>miRNA,S106-GAL4/UAS-miR-303,miR-303,2.05,1.72
20110501,S106>miRNA,S106-GAL4/UAS-miR-303,miR-303,2.4,1.72
20110501,S106>miRNA,S106-GAL4/UAS-miR-303,miR-303,2.3,1.72
20110527,UAS-miRNA,UAS-miR-304/+,miR-304,2.3,1.768
20110525,UAS-miRNA,UAS-miR-304/+,miR-304,2.3,1.768
20110525,UAS-miRNA,UAS-miR-304/+,miR-304,2.2,1.768
20110525,UAS-miRNA,UAS-miR-304/+,miR-304,2.45,1.768
20110527,UAS-miRNA,UAS-miR-304/+,miR-304,2.2,1.787
20110527,UAS-miRNA,UAS-miR-304/+,miR-304,2,1.787
20110527,UAS-miRNA,UAS-miR-304/+,miR-304,2.1,1.787
20110527,UAS-miRNA,UAS-miR-304/+,miR-304,2.3,1.787
20110527,UAS-miRNA,UAS-miR-304/+,miR-304,2.4,1.787
20110525,S106>miRNA,S106-GAL4/UAS-miR-304,miR-304,2.1,1.768
20110525,S106>miRNA,S106-GAL4/UAS-miR-304,miR-304,2.3,1.768
20110525,S106>miRNA,S106-GAL4/UAS-miR-304,miR-304,2.3,1.768
20110525,S106>miRNA,S106-GAL4/UAS-miR-304,miR-304,2.3,1.768
20110525,S106>miRNA,S106-GAL4/UAS-miR-304,miR-304,2.3,1.768
20110525,S106>miRNA,S106-GAL4/UAS-miR-304,miR-304,2.3,1.768
20110525,S106>miRNA,S106-GAL4/UAS-miR-304,miR-304,2.4,1.768
20110525,S106>miRNA,S106-GAL4/UAS-miR-304,miR-304,2.25,1.768
20110525,S106>miRNA,S106-GAL4/UAS-miR-304,miR-304,2.15,1.768
20110527,S106>miRNA,S106-GAL4/UAS-miR-304,miR-304,2.2,1.787
20110527,S106>miRNA,S106-GAL4/UAS-miR-304,miR-304,2.2,1.787
20110527,S106>miRNA,S106-GAL4/UAS-miR-304,miR-304,2.3,1.787
20110527,S106>miRNA,S106-GAL4/UAS-miR-304,miR-304,2,1.787
20110527,S106>miRNA,S106-GAL4/UAS-miR-304,miR-304,2.2,1.787
20110527,S106>miRNA,S106-GAL4/UAS-miR-304,miR-304,1.9,1.787
20110527,S106>miRNA,S106-GAL4/UAS-miR-304,miR-304,1.9,1.787
20110527,S106>miRNA,S106-GAL4/UAS-miR-304,miR-304,1.9,1.787
20110525,UAS-miRNA,UAS-miR-305/+,miR-305,2.25,1.768
20110525,UAS-miRNA,UAS-miR-305/+,miR-305,2.4,1.768
20110525,UAS-miRNA,UAS-miR-305/+,miR-305,2.3,1.768
20110527,UAS-miRNA,UAS-miR-305/+,miR-305,2.15,1.787
20110527,UAS-miRNA,UAS-miR-305/+,miR-305,2.2,1.787
20110527,UAS-miRNA,UAS-miR-305/+,miR-305,2,1.787
20110527,UAS-miRNA,UAS-miR-305/+,miR-305,2.3,1.787
20110525,S106>miRNA,S106-GAL4/UAS-miR-305,miR-305,2.4,1.768
20110525,S106>miRNA,S106-GAL4/UAS-miR-305,miR-305,2.25,1.768
20110525,S106>miRNA,S106-GAL4/UAS-miR-305,miR-305,2.2,1.768
20110525,S106>miRNA,S106-GAL4/UAS-miR-305,miR-305,2.2,1.768
20110525,S106>miRNA,S106-GAL4/UAS-miR-305,miR-305,2.2,1.768
20110525,S106>miRNA,S106-GAL4/UAS-miR-305,miR-305,2.1,1.768
20110525,S106>miRNA,S106-GAL4/UAS-miR-305,miR-305,2.4,1.768
20110525,S106>miRNA,S106-GAL4/UAS-miR-305,miR-305,2.25,1.768
20110525,S106>miRNA,S106-GAL4/UAS-miR-305,miR-305,2.2,1.768
20110527,S106>miRNA,S106-GAL4/UAS-miR-305,miR-305,2.25,1.787
20110527,S106>miRNA,S106-GAL4/UAS-miR-305,miR-305,2.1,1.787
20110527,S106>miRNA,S106-GAL4/UAS-miR-305,miR-305,2.4,1.787
20110527,S106>miRNA,S106-GAL4/UAS-miR-305,miR-305,2.3,1.787
20110527,S106>miRNA,S106-GAL4/UAS-miR-305,miR-305,2.2,1.787
20110527,S106>miRNA,S106-GAL4/UAS-miR-305,miR-305,2,1.787
20110527,S106>miRNA,S106-GAL4/UAS-miR-305,miR-305,2.2,1.787
20110527,S106>miRNA,S106-GAL4/UAS-miR-305,miR-305,2,1.787
20110527,S106>miRNA,S106-GAL4/UAS-miR-305,miR-305,2.05,1.787
20110427,UAS-miRNA,UAS-miR-307/+,miR-307,2,1.76
20110427,UAS-miRNA,UAS-miR-307/+,miR-307,1.9,1.76
20110427,UAS-miRNA,UAS-miR-307/+,miR-307,2.05,1.76
20110427,UAS-miRNA,UAS-miR-307/+,miR-307,2.1,1.76
20110427,UAS-miRNA,UAS-miR-307/+,miR-307,1.9,1.76
20110428,UAS-miRNA,UAS-miR-307/+,miR-307,1.95,1.54
20110428,UAS-miRNA,UAS-miR-307/+,miR-307,1.9,1.54
20110428,UAS-miRNA,UAS-miR-307/+,miR-307,2.1,1.54
20110428,UAS-miRNA,UAS-miR-307/+,miR-307,1.95,1.54
20110429,UAS-miRNA,UAS-miR-307/+,miR-307,2.3,1.925
20110429,UAS-miRNA,UAS-miR-307/+,miR-307,2.3,1.925
20110429,UAS-miRNA,UAS-miR-307/+,miR-307,2.4,1.925
20110429,UAS-miRNA,UAS-miR-307/+,miR-307,2.4,1.925
20110429,UAS-miRNA,UAS-miR-307/+,miR-307,2.1,1.925
20110430,UAS-miRNA,UAS-miR-307/+,miR-307,2.1,1.5
20110430,UAS-miRNA,UAS-miR-307/+,miR-307,2.05,1.5
20110430,UAS-miRNA,UAS-miR-307/+,miR-307,2.2,1.5
20110430,UAS-miRNA,UAS-miR-307/+,miR-307,2.15,1.5
20110430,UAS-miRNA,UAS-miR-307/+,miR-307,2.15,1.5
20110501,UAS-miRNA,UAS-miR-307/+,miR-307,2.05,1.72
20110501,UAS-miRNA,UAS-miR-307/+,miR-307,2.1,1.72
20110501,UAS-miRNA,UAS-miR-307/+,miR-307,2.05,1.72
20110501,UAS-miRNA,UAS-miR-307/+,miR-307,2,1.72
20110501,UAS-miRNA,UAS-miR-307/+,miR-307,1.95,1.72
20110427,S106>miRNA,S106-GAL4/UAS-miR-307,miR-307,2.2,1.76
20110427,S106>miRNA,S106-GAL4/UAS-miR-307,miR-307,2.35,1.76
20110427,S106>miRNA,S106-GAL4/UAS-miR-307,miR-307,2.15,1.76
20110427,S106>miRNA,S106-GAL4/UAS-miR-307,miR-307,2.1,1.76
20110427,S106>miRNA,S106-GAL4/UAS-miR-307,miR-307,2.2,1.76
20110427,S106>miRNA,S106-GAL4/UAS-miR-307,miR-307,2.2,1.76
20110427,S106>miRNA,S106-GAL4/UAS-miR-307,miR-307,2,1.76
20110427,S106>miRNA,S106-GAL4/UAS-miR-307,miR-307,2,1.76
20110428,S106>miRNA,S106-GAL4/UAS-miR-307,miR-307,2.05,1.54
20110428,S106>miRNA,S106-GAL4/UAS-miR-307,miR-307,2.1,1.54
20110428,S106>miRNA,S106-GAL4/UAS-miR-307,miR-307,2.05,1.54
20110428,S106>miRNA,S106-GAL4/UAS-miR-307,miR-307,2.2,1.54
20110428,S106>miRNA,S106-GAL4/UAS-miR-307,miR-307,2.2,1.54
20110429,S106>miRNA,S106-GAL4/UAS-miR-307,miR-307,2.25,1.925
20110429,S106>miRNA,S106-GAL4/UAS-miR-307,miR-307,2.3,1.925
20110429,S106>miRNA,S106-GAL4/UAS-miR-307,miR-307,2.45,1.925
20110429,S106>miRNA,S106-GAL4/UAS-miR-307,miR-307,2.2,1.925
20110430,S106>miRNA,S106-GAL4/UAS-miR-307,miR-307,2.35,1.5
20110430,S106>miRNA,S106-GAL4/UAS-miR-307,miR-307,2.3,1.5
20110430,S106>miRNA,S106-GAL4/UAS-miR-307,miR-307,2,1.5
20110501,S106>miRNA,S106-GAL4/UAS-miR-307,miR-307,2,1.72
20110501,S106>miRNA,S106-GAL4/UAS-miR-307,miR-307,2.15,1.72
20110501,S106>miRNA,S106-GAL4/UAS-miR-307,miR-307,2.25,1.72
20110330,UAS-miRNA,UAS-miR-308/+,miR-308,2.45,1.86
20110330,UAS-miRNA,UAS-miR-308/+,miR-308,2.35,1.86
20110330,UAS-miRNA,UAS-miR-308/+,miR-308,2.5,1.86
20110330,UAS-miRNA,UAS-miR-308/+,miR-308,2.3,1.86
20110331,UAS-miRNA,UAS-miR-308/+,miR-308,2.1,1.59
20110331,UAS-miRNA,UAS-miR-308/+,miR-308,2,1.59
20110331,UAS-miRNA,UAS-miR-308/+,miR-308,2.1,1.59
20110401,UAS-miRNA,UAS-miR-308/+,miR-308,2,1.66
20110402,UAS-miRNA,UAS-miR-308/+,miR-308,2.2,1.67
20110402,UAS-miRNA,UAS-miR-308/+,miR-308,2.1,1.67
20110402,UAS-miRNA,UAS-miR-308/+,miR-308,2.2,1.67
20110402,UAS-miRNA,UAS-miR-308/+,miR-308,2.2,1.67
20110330,S106>miRNA,S106-GAL4/UAS-miR-308,miR-308,2.05,1.86
20110330,S106>miRNA,S106-GAL4/UAS-miR-308,miR-308,2.2,1.86
20110330,S106>miRNA,S106-GAL4/UAS-miR-308,miR-308,2.1,1.86
20110330,S106>miRNA,S106-GAL4/UAS-miR-308,miR-308,2,1.86
20110330,S106>miRNA,S106-GAL4/UAS-miR-308,miR-308,2.45,1.86
20110330,S106>miRNA,S106-GAL4/UAS-miR-308,miR-308,2.4,1.86
20110330,S106>miRNA,S106-GAL4/UAS-miR-308,miR-308,2.2,1.86
20110330,S106>miRNA,S106-GAL4/UAS-miR-308,miR-308,2.3,1.86
20110331,S106>miRNA,S106-GAL4/UAS-miR-308,miR-308,2.2,1.59
20110331,S106>miRNA,S106-GAL4/UAS-miR-308,miR-308,1.95,1.59
20110331,S106>miRNA,S106-GAL4/UAS-miR-308,miR-308,2.25,1.59
20110331,S106>miRNA,S106-GAL4/UAS-miR-308,miR-308,1.9,1.59
20110331,S106>miRNA,S106-GAL4/UAS-miR-308,miR-308,2.35,1.59
20110331,S106>miRNA,S106-GAL4/UAS-miR-308,miR-308,2.25,1.59
20110331,S106>miRNA,S106-GAL4/UAS-miR-308,miR-308,2.35,1.59
20110401,S106>miRNA,S106-GAL4/UAS-miR-308,miR-308,1.95,1.66
20110401,S106>miRNA,S106-GAL4/UAS-miR-308,miR-308,2.05,1.66
20110401,S106>miRNA,S106-GAL4/UAS-miR-308,miR-308,2.1,1.66
20110401,S106>miRNA,S106-GAL4/UAS-miR-308,miR-308,2.05,1.66
20110401,S106>miRNA,S106-GAL4/UAS-miR-308,miR-308,2.1,1.66
20110402,S106>miRNA,S106-GAL4/UAS-miR-308,miR-308,2.25,1.67
20110402,S106>miRNA,S106-GAL4/UAS-miR-308,miR-308,1.9,1.67
20110402,S106>miRNA,S106-GAL4/UAS-miR-308,miR-308,2.2,1.67
20110402,S106>miRNA,S106-GAL4/UAS-miR-308,miR-308,2.15,1.67
20110402,S106>miRNA,S106-GAL4/UAS-miR-308,miR-308,2.3,1.67
20110402,S106>miRNA,S106-GAL4/UAS-miR-308,miR-308,2.25,1.67
20110402,S106>miRNA,S106-GAL4/UAS-miR-308,miR-308,2.25,1.67
20110402,S106>miRNA,S106-GAL4/UAS-miR-308,miR-308,2.3,1.67
20110330,UAS-miRNA,UAS-miR-309/+,miR-309,2.3,1.86
20110330,UAS-miRNA,UAS-miR-309/+,miR-309,2.1,1.86
20110330,UAS-miRNA,UAS-miR-309/+,miR-309,2.15,1.86
20110330,UAS-miRNA,UAS-miR-309/+,miR-309,2.3,1.86
20110331,UAS-miRNA,UAS-miR-309/+,miR-309,2,1.59
20110331,UAS-miRNA,UAS-miR-309/+,miR-309,2.1,1.59
20110331,UAS-miRNA,UAS-miR-309/+,miR-309,2.1,1.59
20110331,UAS-miRNA,UAS-miR-309/+,miR-309,2.2,1.59
20110401,UAS-miRNA,UAS-miR-309/+,miR-309,2.2,1.66
20110401,UAS-miRNA,UAS-miR-309/+,miR-309,2.2,1.66
20110402,UAS-miRNA,UAS-miR-309/+,miR-309,2,1.67
20110402,UAS-miRNA,UAS-miR-309/+,miR-309,2.1,1.67
20110402,UAS-miRNA,UAS-miR-309/+,miR-309,2.1,1.67
20110330,S106>miRNA,S106-GAL4/UAS-miR-309,miR-309,2.1,1.86
20110330,S106>miRNA,S106-GAL4/UAS-miR-309,miR-309,2.3,1.86
20110330,S106>miRNA,S106-GAL4/UAS-miR-309,miR-309,2.3,1.86
20110330,S106>miRNA,S106-GAL4/UAS-miR-309,miR-309,2.1,1.86
20110330,S106>miRNA,S106-GAL4/UAS-miR-309,miR-309,2.3,1.86
20110330,S106>miRNA,S106-GAL4/UAS-miR-309,miR-309,2.4,1.86
20110330,S106>miRNA,S106-GAL4/UAS-miR-309,miR-309,2.1,1.86
20110331,S106>miRNA,S106-GAL4/UAS-miR-309,miR-309,2.2,1.59
20110331,S106>miRNA,S106-GAL4/UAS-miR-309,miR-309,2.2,1.59
20110331,S106>miRNA,S106-GAL4/UAS-miR-309,miR-309,2.15,1.59
20110331,S106>miRNA,S106-GAL4/UAS-miR-309,miR-309,2.1,1.59
20110331,S106>miRNA,S106-GAL4/UAS-miR-309,miR-309,2.1,1.59
20110401,S106>miRNA,S106-GAL4/UAS-miR-309,miR-309,1.95,1.66
20110401,S106>miRNA,S106-GAL4/UAS-miR-309,miR-309,2.1,1.66
20110401,S106>miRNA,S106-GAL4/UAS-miR-309,miR-309,1.95,1.66
20110401,S106>miRNA,S106-GAL4/UAS-miR-309,miR-309,1.9,1.66
20110401,S106>miRNA,S106-GAL4/UAS-miR-309,miR-309,1.95,1.66
20110401,S106>miRNA,S106-GAL4/UAS-miR-309,miR-309,2,1.66
20110402,S106>miRNA,S106-GAL4/UAS-miR-309,miR-309,2.2,1.67
20110402,S106>miRNA,S106-GAL4/UAS-miR-309,miR-309,2.35,1.67
20110402,S106>miRNA,S106-GAL4/UAS-miR-309,miR-309,2.3,1.67
20110402,S106>miRNA,S106-GAL4/UAS-miR-309,miR-309,2.2,1.67
20110402,S106>miRNA,S106-GAL4/UAS-miR-309,miR-309,2.15,1.67
20110402,S106>miRNA,S106-GAL4/UAS-miR-309,miR-309,2.15,1.67
20110402,S106>miRNA,S106-GAL4/UAS-miR-309,miR-309,2.1,1.67
20110402,S106>miRNA,S106-GAL4/UAS-miR-309,miR-309,2.35,1.67
20110402,S106>miRNA,S106-GAL4/UAS-miR-309,miR-309,2.3,1.67
20110402,S106>miRNA,S106-GAL4/UAS-miR-309,miR-309,2.3,1.67
20110407,UAS-miRNA,UAS-miR-310/+,miR-310,2.4,1.933
20110407,UAS-miRNA,UAS-miR-310/+,miR-310,2.1,1.933
20110407,UAS-miRNA,UAS-miR-310/+,miR-310,2.1,1.933
20110504,UAS-miRNA,UAS-miR-310/+,miR-310,2.05,1.7
20110505,UAS-miRNA,UAS-miR-310/+,miR-310,2.1,1.62
20110505,UAS-miRNA,UAS-miR-310/+,miR-310,2.15,1.62
20110505,UAS-miRNA,UAS-miR-310/+,miR-310,2.05,1.62
20110505,UAS-miRNA,UAS-miR-310/+,miR-310,2.3,1.62
20110506,UAS-miRNA,UAS-miR-310/+,miR-310,2.2,1.75
20110506,UAS-miRNA,UAS-miR-310/+,miR-310,2.4,1.75
20110506,UAS-miRNA,UAS-miR-310/+,miR-310,2.05,1.75
20110506,UAS-miRNA,UAS-miR-310/+,miR-310,2.4,1.75
20110506,UAS-miRNA,UAS-miR-310/+,miR-310,2.4,1.75
20110506,UAS-miRNA,UAS-miR-310/+,miR-310,2.2,1.75
20110407,S106>miRNA,S106-GAL4/UAS-miR-310,miR-310,2.5,1.933
20110407,S106>miRNA,S106-GAL4/UAS-miR-310,miR-310,2.45,1.933
20110407,S106>miRNA,S106-GAL4/UAS-miR-310,miR-310,2.5,1.933
20110407,S106>miRNA,S106-GAL4/UAS-miR-310,miR-310,2.45,1.933
20110407,S106>miRNA,S106-GAL4/UAS-miR-310,miR-310,2.2,1.933
20110407,S106>miRNA,S106-GAL4/UAS-miR-310,miR-310,2.15,1.933
20110504,S106>miRNA,S106-GAL4/UAS-miR-310,miR-310,2.1,1.7
20110504,S106>miRNA,S106-GAL4/UAS-miR-310,miR-310,2.3,1.7
20110504,S106>miRNA,S106-GAL4/UAS-miR-310,miR-310,2,1.7
20110504,S106>miRNA,S106-GAL4/UAS-miR-310,miR-310,2.2,1.7
20110504,S106>miRNA,S106-GAL4/UAS-miR-310,miR-310,2,1.7
20110504,S106>miRNA,S106-GAL4/UAS-miR-310,miR-310,2.1,1.7
20110505,S106>miRNA,S106-GAL4/UAS-miR-310,miR-310,2.35,1.62
20110505,S106>miRNA,S106-GAL4/UAS-miR-310,miR-310,2.25,1.62
20110505,S106>miRNA,S106-GAL4/UAS-miR-310,miR-310,2.35,1.62
20110505,S106>miRNA,S106-GAL4/UAS-miR-310,miR-310,2.35,1.62
20110505,S106>miRNA,S106-GAL4/UAS-miR-310,miR-310,2.35,1.62
20110505,S106>miRNA,S106-GAL4/UAS-miR-310,miR-310,2.2,1.62
20110506,S106>miRNA,S106-GAL4/UAS-miR-310,miR-310,2.2,1.75
20110506,S106>miRNA,S106-GAL4/UAS-miR-310,miR-310,2.2,1.75
20110506,S106>miRNA,S106-GAL4/UAS-miR-310,miR-310,2.1,1.75
20110506,S106>miRNA,S106-GAL4/UAS-miR-310,miR-310,2.25,1.75
20110506,S106>miRNA,S106-GAL4/UAS-miR-310,miR-310,2.4,1.75
20110407,UAS-miRNA,UAS-miR-311/+,miR-311,2.2,1.933
20110407,UAS-miRNA,UAS-miR-311/+,miR-311,2.4,1.933
20110407,UAS-miRNA,UAS-miR-311/+,miR-311,2.5,1.933
20110407,UAS-miRNA,UAS-miR-311/+,miR-311,2.5,1.933
20110407,UAS-miRNA,UAS-miR-311/+,miR-311,2.2,1.933
20110504,UAS-miRNA,UAS-miR-311/+,miR-311,1.9,1.7
20110504,UAS-miRNA,UAS-miR-311/+,miR-311,2.05,1.7
20110504,UAS-miRNA,UAS-miR-311/+,miR-311,1.95,1.7
20110504,UAS-miRNA,UAS-miR-311/+,miR-311,2.3,1.7
20110505,UAS-miRNA,UAS-miR-311/+,miR-311,2.2,1.62
20110505,UAS-miRNA,UAS-miR-311/+,miR-311,2.1,1.62
20110505,UAS-miRNA,UAS-miR-311/+,miR-311,2.1,1.62
20110505,UAS-miRNA,UAS-miR-311/+,miR-311,2.1,1.62
20110506,UAS-miRNA,UAS-miR-311/+,miR-311,2.3,1.75
20110506,UAS-miRNA,UAS-miR-311/+,miR-311,2.2,1.75
20110506,UAS-miRNA,UAS-miR-311/+,miR-311,2.35,1.75
20110506,UAS-miRNA,UAS-miR-311/+,miR-311,2.3,1.75
20110506,UAS-miRNA,UAS-miR-311/+,miR-311,2.3,1.75
20110407,S106>miRNA,S106-GAL4/UAS-miR-311,miR-311,2.2,1.933
20110407,S106>miRNA,S106-GAL4/UAS-miR-311,miR-311,2.2,1.933
20110407,S106>miRNA,S106-GAL4/UAS-miR-311,miR-311,2.4,1.933
20110407,S106>miRNA,S106-GAL4/UAS-miR-311,miR-311,2.2,1.933
20110407,S106>miRNA,S106-GAL4/UAS-miR-311,miR-311,2.4,1.933
20110407,S106>miRNA,S106-GAL4/UAS-miR-311,miR-311,2.4,1.933
20110504,S106>miRNA,S106-GAL4/UAS-miR-311,miR-311,2,1.7
20110504,S106>miRNA,S106-GAL4/UAS-miR-311,miR-311,2,1.7
20110504,S106>miRNA,S106-GAL4/UAS-miR-311,miR-311,2.3,1.7
20110504,S106>miRNA,S106-GAL4/UAS-miR-311,miR-311,2.05,1.7
20110504,S106>miRNA,S106-GAL4/UAS-miR-311,miR-311,2.2,1.7
20110504,S106>miRNA,S106-GAL4/UAS-miR-311,miR-311,2.25,1.7
20110505,S106>miRNA,S106-GAL4/UAS-miR-311,miR-311,2.1,1.62
20110505,S106>miRNA,S106-GAL4/UAS-miR-311,miR-311,2.1,1.62
20110505,S106>miRNA,S106-GAL4/UAS-miR-311,miR-311,2.05,1.62
20110505,S106>miRNA,S106-GAL4/UAS-miR-311,miR-311,1.8,1.62
20110505,S106>miRNA,S106-GAL4/UAS-miR-311,miR-311,2,1.62
20110505,S106>miRNA,S106-GAL4/UAS-miR-311,miR-311,2,1.62
20110506,S106>miRNA,S106-GAL4/UAS-miR-311,miR-311,2.1,1.75
20110506,S106>miRNA,S106-GAL4/UAS-miR-311,miR-311,2.1,1.75
20110506,S106>miRNA,S106-GAL4/UAS-miR-311,miR-311,2,1.75
20110506,S106>miRNA,S106-GAL4/UAS-miR-311,miR-311,1.9,1.75
20110506,S106>miRNA,S106-GAL4/UAS-miR-311,miR-311,2.05,1.75
20110506,S106>miRNA,S106-GAL4/UAS-miR-311,miR-311,2.2,1.75
20110506,S106>miRNA,S106-GAL4/UAS-miR-311,miR-311,1.9,1.75
20110416,UAS-miRNA,UAS-miR-312/+,miR-312,2.5,1.74
20110416,UAS-miRNA,UAS-miR-312/+,miR-312,2.2,1.74
20110416,UAS-miRNA,UAS-miR-312/+,miR-312,2.1,1.74
20110416,UAS-miRNA,UAS-miR-312/+,miR-312,2.2,1.74
20110416,UAS-miRNA,UAS-miR-312/+,miR-312,2.25,1.74
20110416,UAS-miRNA,UAS-miR-312/+,miR-312,2.1,1.74
20110416,UAS-miRNA,UAS-miR-312/+,miR-312,2.4,1.74
20110416,UAS-miRNA,UAS-miR-312/+,miR-312,2.3,1.74
20110416,UAS-miRNA,UAS-miR-312/+,miR-312,2.2,1.74
20110416,UAS-miRNA,UAS-miR-312/+,miR-312,2.2,1.74
20110416,UAS-miRNA,UAS-miR-312/+,miR-312,2.4,1.74
20110416,UAS-miRNA,UAS-miR-312/+,miR-312,2.4,1.74
20110416,UAS-miRNA,UAS-miR-312/+,miR-312,2.5,1.74
20110416,UAS-miRNA,UAS-miR-312/+,miR-312,2.4,1.74
20110417,UAS-miRNA,UAS-miR-312/+,miR-312,2.2,1.787
20110417,UAS-miRNA,UAS-miR-312/+,miR-312,2,1.787
20110417,UAS-miRNA,UAS-miR-312/+,miR-312,2.4,1.787
20110417,UAS-miRNA,UAS-miR-312/+,miR-312,2.5,1.787
20110417,UAS-miRNA,UAS-miR-312/+,miR-312,2.5,1.787
20110417,UAS-miRNA,UAS-miR-312/+,miR-312,2.4,1.787
20110420,UAS-miRNA,UAS-miR-312/+,miR-312,2.15,1.65
20110420,UAS-miRNA,UAS-miR-312/+,miR-312,2.1,1.65
20110416,S106>miRNA,S106-GAL4/UAS-miR-312,miR-312,2.2,1.74
20110416,S106>miRNA,S106-GAL4/UAS-miR-312,miR-312,2.3,1.74
20110416,S106>miRNA,S106-GAL4/UAS-miR-312,miR-312,2.25,1.74
20110416,S106>miRNA,S106-GAL4/UAS-miR-312,miR-312,2.25,1.74
20110416,S106>miRNA,S106-GAL4/UAS-miR-312,miR-312,1.9,1.74
20110416,S106>miRNA,S106-GAL4/UAS-miR-312,miR-312,2.2,1.74
20110416,S106>miRNA,S106-GAL4/UAS-miR-312,miR-312,2.1,1.74
20110416,S106>miRNA,S106-GAL4/UAS-miR-312,miR-312,2.25,1.74
20110416,S106>miRNA,S106-GAL4/UAS-miR-312,miR-312,2.4,1.74
20110416,S106>miRNA,S106-GAL4/UAS-miR-312,miR-312,2.4,1.74
20110416,S106>miRNA,S106-GAL4/UAS-miR-312,miR-312,2.35,1.74
20110416,S106>miRNA,S106-GAL4/UAS-miR-312,miR-312,2.25,1.74
20110416,S106>miRNA,S106-GAL4/UAS-miR-312,miR-312,2.1,1.74
20110416,S106>miRNA,S106-GAL4/UAS-miR-312,miR-312,2.25,1.74
20110416,S106>miRNA,S106-GAL4/UAS-miR-312,miR-312,2.15,1.74
20110417,S106>miRNA,S106-GAL4/UAS-miR-312,miR-312,2.5,1.787
20110417,S106>miRNA,S106-GAL4/UAS-miR-312,miR-312,2.45,1.787
20110417,S106>miRNA,S106-GAL4/UAS-miR-312,miR-312,2.55,1.787
20110417,S106>miRNA,S106-GAL4/UAS-miR-312,miR-312,2.4,1.787
20110417,S106>miRNA,S106-GAL4/UAS-miR-312,miR-312,2.4,1.787
20110417,S106>miRNA,S106-GAL4/UAS-miR-312,miR-312,2.1,1.787
20110420,S106>miRNA,S106-GAL4/UAS-miR-312,miR-312,2,1.65
20110420,S106>miRNA,S106-GAL4/UAS-miR-312,miR-312,2.2,1.65
20110416,UAS-miRNA,UAS-miR-313/+,miR-313,2.1,1.74
20110416,UAS-miRNA,UAS-miR-313/+,miR-313,2.3,1.74
20110416,UAS-miRNA,UAS-miR-313/+,miR-313,1.9,1.74
20110416,UAS-miRNA,UAS-miR-313/+,miR-313,2.3,1.74
20110416,UAS-miRNA,UAS-miR-313/+,miR-313,2.2,1.74
20110417,UAS-miRNA,UAS-miR-313/+,miR-313,2.1,1.787
20110417,UAS-miRNA,UAS-miR-313/+,miR-313,2,1.787
20110417,UAS-miRNA,UAS-miR-313/+,miR-313,2,1.787
20110417,UAS-miRNA,UAS-miR-313/+,miR-313,2.1,1.787
20110417,UAS-miRNA,UAS-miR-313/+,miR-313,2.5,1.787
20110417,UAS-miRNA,UAS-miR-313/+,miR-313,2.3,1.787
20110417,UAS-miRNA,UAS-miR-313/+,miR-313,2.2,1.787
20110417,UAS-miRNA,UAS-miR-313/+,miR-313,2.3,1.787
20110420,UAS-miRNA,UAS-miR-313/+,miR-313,2.2,1.65
20110420,UAS-miRNA,UAS-miR-313/+,miR-313,2.15,1.65
20110416,S106>miRNA,S106-GAL4/UAS-miR-313,miR-313,2.4,1.74
20110416,S106>miRNA,S106-GAL4/UAS-miR-313,miR-313,2.25,1.74
20110416,S106>miRNA,S106-GAL4/UAS-miR-313,miR-313,2.1,1.74
20110416,S106>miRNA,S106-GAL4/UAS-miR-313,miR-313,2.35,1.74
20110416,S106>miRNA,S106-GAL4/UAS-miR-313,miR-313,2.3,1.74
20110416,S106>miRNA,S106-GAL4/UAS-miR-313,miR-313,2.55,1.74
20110416,S106>miRNA,S106-GAL4/UAS-miR-313,miR-313,2.3,1.74
20110417,S106>miRNA,S106-GAL4/UAS-miR-313,miR-313,2.05,1.787
20110417,S106>miRNA,S106-GAL4/UAS-miR-313,miR-313,2.1,1.787
20110417,S106>miRNA,S106-GAL4/UAS-miR-313,miR-313,2,1.787
20110417,S106>miRNA,S106-GAL4/UAS-miR-313,miR-313,2,1.787
20110417,S106>miRNA,S106-GAL4/UAS-miR-313,miR-313,2,1.787
20110417,S106>miRNA,S106-GAL4/UAS-miR-313,miR-313,2,1.787
20110417,S106>miRNA,S106-GAL4/UAS-miR-313,miR-313,2.1,1.787
20110420,S106>miRNA,S106-GAL4/UAS-miR-313,miR-313,2.3,1.65
20110420,S106>miRNA,S106-GAL4/UAS-miR-313,miR-313,2.1,1.65
20110420,S106>miRNA,S106-GAL4/UAS-miR-313,miR-313,2,1.65
20110420,S106>miRNA,S106-GAL4/UAS-miR-313,miR-313,2.2,1.65
20110420,S106>miRNA,S106-GAL4/UAS-miR-313,miR-313,1.85,1.65
20110420,UAS-miRNA,UAS-miR-314/+,miR-314,2.1,1.65
20110420,UAS-miRNA,UAS-miR-314/+,miR-314,2.3,1.65
20110420,UAS-miRNA,UAS-miR-314/+,miR-314,2.35,1.65
20110422,UAS-miRNA,UAS-miR-314/+,miR-314,2.4,1.725
20110422,UAS-miRNA,UAS-miR-314/+,miR-314,2.5,1.725
20110422,UAS-miRNA,UAS-miR-314/+,miR-314,2.1,1.725
20110422,UAS-miRNA,UAS-miR-314/+,miR-314,2.2,1.725
20110423,UAS-miRNA,UAS-miR-314/+,miR-314,2,1.54
20110423,UAS-miRNA,UAS-miR-314/+,miR-314,2.3,1.54
20110424,UAS-miRNA,UAS-miR-314/+,miR-314,2.2,1.6
20110424,UAS-miRNA,UAS-miR-314/+,miR-314,2.15,1.6
20110424,UAS-miRNA,UAS-miR-314/+,miR-314,2.3,1.6
20110424,UAS-miRNA,UAS-miR-314/+,miR-314,2.2,1.6
20110424,UAS-miRNA,UAS-miR-314/+,miR-314,2.1,1.6
20110420,S106>miRNA,S106-GAL4/UAS-miR-314,miR-314,2.3,1.65
20110420,S106>miRNA,S106-GAL4/UAS-miR-314,miR-314,2.4,1.65
20110420,S106>miRNA,S106-GAL4/UAS-miR-314,miR-314,2.2,1.65
20110420,S106>miRNA,S106-GAL4/UAS-miR-314,miR-314,2.2,1.65
20110422,S106>miRNA,S106-GAL4/UAS-miR-314,miR-314,2.1,1.725
20110422,S106>miRNA,S106-GAL4/UAS-miR-314,miR-314,2.55,1.725
20110422,S106>miRNA,S106-GAL4/UAS-miR-314,miR-314,2.1,1.725
20110422,S106>miRNA,S106-GAL4/UAS-miR-314,miR-314,2.15,1.725
20110422,S106>miRNA,S106-GAL4/UAS-miR-314,miR-314,2.3,1.725
20110423,S106>miRNA,S106-GAL4/UAS-miR-314,miR-314,2,1.54
20110423,S106>miRNA,S106-GAL4/UAS-miR-314,miR-314,2.3,1.54
20110423,S106>miRNA,S106-GAL4/UAS-miR-314,miR-314,2.05,1.54
20110423,S106>miRNA,S106-GAL4/UAS-miR-314,miR-314,2.1,1.54
20110423,S106>miRNA,S106-GAL4/UAS-miR-314,miR-314,1.8,1.54
20110423,S106>miRNA,S106-GAL4/UAS-miR-314,miR-314,2,1.54
20110424,S106>miRNA,S106-GAL4/UAS-miR-314,miR-314,2.1,1.6
20110424,S106>miRNA,S106-GAL4/UAS-miR-314,miR-314,2.1,1.6
20110424,S106>miRNA,S106-GAL4/UAS-miR-314,miR-314,2,1.6
20110424,S106>miRNA,S106-GAL4/UAS-miR-314,miR-314,2.4,1.6
20110424,S106>miRNA,S106-GAL4/UAS-miR-314,miR-314,2,1.6
20110420,UAS-miRNA,UAS-miR-315/+,miR-315,2.35,1.65
20110420,UAS-miRNA,UAS-miR-315/+,miR-315,2.1,1.65
20110420,UAS-miRNA,UAS-miR-315/+,miR-315,2.45,1.65
20110422,UAS-miRNA,UAS-miR-315/+,miR-315,2.1,1.725
20110422,UAS-miRNA,UAS-miR-315/+,miR-315,2.1,1.725
20110422,UAS-miRNA,UAS-miR-315/+,miR-315,2.1,1.725
20110422,UAS-miRNA,UAS-miR-315/+,miR-315,2.25,1.725
20110423,UAS-miRNA,UAS-miR-315/+,miR-315,2,1.54
20110423,UAS-miRNA,UAS-miR-315/+,miR-315,1.9,1.54
20110423,UAS-miRNA,UAS-miR-315/+,miR-315,2,1.54
20110423,UAS-miRNA,UAS-miR-315/+,miR-315,1.95,1.54
20110424,UAS-miRNA,UAS-miR-315/+,miR-315,2.1,1.6
20110424,UAS-miRNA,UAS-miR-315/+,miR-315,1.95,1.6
20110424,UAS-miRNA,UAS-miR-315/+,miR-315,1.95,1.6
20110424,UAS-miRNA,UAS-miR-315/+,miR-315,2.3,1.6
20110424,UAS-miRNA,UAS-miR-315/+,miR-315,2.05,1.6
20110420,S106>miRNA,S106-GAL4/UAS-miR-315,miR-315,2.1,1.65
20110420,S106>miRNA,S106-GAL4/UAS-miR-315,miR-315,2.4,1.65
20110422,S106>miRNA,S106-GAL4/UAS-miR-315,miR-315,2,1.725
20110422,S106>miRNA,S106-GAL4/UAS-miR-315,miR-315,2.2,1.725
20110422,S106>miRNA,S106-GAL4/UAS-miR-315,miR-315,2.1,1.725
20110422,S106>miRNA,S106-GAL4/UAS-miR-315,miR-315,2.5,1.725
20110422,S106>miRNA,S106-GAL4/UAS-miR-315,miR-315,2.35,1.725
20110422,S106>miRNA,S106-GAL4/UAS-miR-315,miR-315,2.1,1.725
20110422,S106>miRNA,S106-GAL4/UAS-miR-315,miR-315,2.15,1.725
20110423,S106>miRNA,S106-GAL4/UAS-miR-315,miR-315,2.25,1.54
20110423,S106>miRNA,S106-GAL4/UAS-miR-315,miR-315,2.2,1.54
20110423,S106>miRNA,S106-GAL4/UAS-miR-315,miR-315,2.35,1.54
20110423,S106>miRNA,S106-GAL4/UAS-miR-315,miR-315,2.2,1.54
20110423,S106>miRNA,S106-GAL4/UAS-miR-315,miR-315,1.85,1.54
20110423,S106>miRNA,S106-GAL4/UAS-miR-315,miR-315,1.9,1.54
20110423,S106>miRNA,S106-GAL4/UAS-miR-315,miR-315,2.1,1.54
20110423,S106>miRNA,S106-GAL4/UAS-miR-315,miR-315,2.15,1.54
20110424,S106>miRNA,S106-GAL4/UAS-miR-315,miR-315,2.3,1.6
20110424,S106>miRNA,S106-GAL4/UAS-miR-315,miR-315,2.4,1.6
20110424,S106>miRNA,S106-GAL4/UAS-miR-315,miR-315,2.4,1.6
20110424,S106>miRNA,S106-GAL4/UAS-miR-315,miR-315,1.95,1.6
20110424,S106>miRNA,S106-GAL4/UAS-miR-315,miR-315,2.05,1.6
20110424,S106>miRNA,S106-GAL4/UAS-miR-315,miR-315,2.4,1.6
20110424,S106>miRNA,S106-GAL4/UAS-miR-315,miR-315,2.1,1.6
20110424,S106>miRNA,S106-GAL4/UAS-miR-315,miR-315,2.25,1.6
20110424,S106>miRNA,S106-GAL4/UAS-miR-315,miR-315,2,1.6
20110424,S106>miRNA,S106-GAL4/UAS-miR-315,miR-315,2.4,1.6
20101122,S106-GAL4/+,S106-GAL4/+,NA,3.2,2.23
20101122,S106-GAL4/+,S106-GAL4/+,NA,3.1,2.23
20101122,S106-GAL4/+,S106-GAL4/+,NA,3,2.23
20101122,S106-GAL4/+,S106-GAL4/+,NA,3,2.23
20101123,S106-GAL4/+,S106-GAL4/+,NA,3,2.45
20101123,S106-GAL4/+,S106-GAL4/+,NA,2.9,2.45
20101123,S106-GAL4/+,S106-GAL4/+,NA,3.1,2.45
20101124,S106-GAL4/+,S106-GAL4/+,NA,2.9,2.45
20101124,S106-GAL4/+,S106-GAL4/+,NA,3.2,2.45
20101124,S106-GAL4/+,S106-GAL4/+,NA,3.5,2.45
20101125,S106-GAL4/+,S106-GAL4/+,NA,3,2
20101125,S106-GAL4/+,S106-GAL4/+,NA,3,2
20101126,S106-GAL4/+,S106-GAL4/+,NA,2.7,2.125
20101126,S106-GAL4/+,S106-GAL4/+,NA,2.9,2.125
20101126,S106-GAL4/+,S106-GAL4/+,NA,2.9,2.125
20101126,S106-GAL4/+,S106-GAL4/+,NA,3.3,2.125
20101127,S106-GAL4/+,S106-GAL4/+,NA,2.9,2
20101127,S106-GAL4/+,S106-GAL4/+,NA,3,2
20101127,S106-GAL4/+,S106-GAL4/+,NA,3,2
20101127,S106-GAL4/+,S106-GAL4/+,NA,2.7,2
20101119,S106-GAL4/+,S106-GAL4/+,NA,3.2,2.2
20101119,S106-GAL4/+,S106-GAL4/+,NA,3.6,2.2
20101119,S106-GAL4/+,S106-GAL4/+,NA,3.1,2.2
20101119,S106-GAL4/+,S106-GAL4/+,NA,3.3,2.2
20101119,S106-GAL4/+,S106-GAL4/+,NA,3.1,2.2
20101120,S106-GAL4/+,S106-GAL4/+,NA,3.2,2.46
20101120,S106-GAL4/+,S106-GAL4/+,NA,3.5,2.46
20101120,S106-GAL4/+,S106-GAL4/+,NA,3.4,2.46
20101120,S106-GAL4/+,S106-GAL4/+,NA,3.4,2.46
20101128,S106-GAL4/+,S106-GAL4/+,NA,2.6,2.03
20101128,S106-GAL4/+,S106-GAL4/+,NA,2.9,2.03
20101128,S106-GAL4/+,S106-GAL4/+,NA,2.7,2.03
20101128,S106-GAL4/+,S106-GAL4/+,NA,2.6,2.03
20101129,S106-GAL4/+,S106-GAL4/+,NA,2.9,2.13
20101129,S106-GAL4/+,S106-GAL4/+,NA,3,2.13
20101129,S106-GAL4/+,S106-GAL4/+,NA,2.9,2.13
20101129,S106-GAL4/+,S106-GAL4/+,NA,3,2.13
20101130,S106-GAL4/+,S106-GAL4/+,NA,2.9,2.1
20101130,S106-GAL4/+,S106-GAL4/+,NA,3,2.1
20101130,S106-GAL4/+,S106-GAL4/+,NA,3.1,2.1
20101130,S106-GAL4/+,S106-GAL4/+,NA,3.1,2.1
20101201,S106-GAL4/+,S106-GAL4/+,NA,2.9,2.05
20101201,S106-GAL4/+,S106-GAL4/+,NA,3.2,2.05
20101201,S106-GAL4/+,S106-GAL4/+,NA,3.2,2.05
20101201,S106-GAL4/+,S106-GAL4/+,NA,3.2,2.05
20101202,S106-GAL4/+,S106-GAL4/+,NA,3.3,2.425
20101202,S106-GAL4/+,S106-GAL4/+,NA,3.5,2.425
20101203,S106-GAL4/+,S106-GAL4/+,NA,3.3,2.23
20101203,S106-GAL4/+,S106-GAL4/+,NA,3.2,2.23
20101203,S106-GAL4/+,S106-GAL4/+,NA,3.2,2.23
20101204,S106-GAL4/+,S106-GAL4/+,NA,3.2,2.13
20110830,S106-GAL4/+,S106-GAL4/+,NA,2.3,1.72
20110830,S106-GAL4/+,S106-GAL4/+,NA,2.3,1.72
20110831,S106-GAL4/+,S106-GAL4/+,NA,2.3,1.79
20110831,S106-GAL4/+,S106-GAL4/+,NA,2.05,1.79
20110831,S106-GAL4/+,S106-GAL4/+,NA,2,1.79
20110831,S106-GAL4/+,S106-GAL4/+,NA,2.1,1.79
20110831,S106-GAL4/+,S106-GAL4/+,NA,2.1,1.79
20110831,S106-GAL4/+,S106-GAL4/+,NA,2.25,1.79
20110831,S106-GAL4/+,S106-GAL4/+,NA,2.2,1.79
20110831,S106-GAL4/+,S106-GAL4/+,NA,2.4,1.79
20110901,S106-GAL4/+,S106-GAL4/+,NA,2.2,1.6
20110901,S106-GAL4/+,S106-GAL4/+,NA,2.05,1.6
20110902,S106-GAL4/+,S106-GAL4/+,NA,2,1.72
20110902,S106-GAL4/+,S106-GAL4/+,NA,2.1,1.72
20110902,S106-GAL4/+,S106-GAL4/+,NA,2.1,1.72
20110902,S106-GAL4/+,S106-GAL4/+,NA,2.15,1.72
20110902,S106-GAL4/+,S106-GAL4/+,NA,2.15,1.72
20110306,S106-GAL4/+,S106-GAL4/+,NA,2.1,1.77
20110309,S106-GAL4/+,S106-GAL4/+,NA,2.4,1.85
20110309,S106-GAL4/+,S106-GAL4/+,NA,2.5,1.85
20110309,S106-GAL4/+,S106-GAL4/+,NA,2.5,1.85
20110309,S106-GAL4/+,S106-GAL4/+,NA,2.4,1.85
20110309,S106-GAL4/+,S106-GAL4/+,NA,2.45,1.85
20110309,S106-GAL4/+,S106-GAL4/+,NA,2.25,1.85
20110309,S106-GAL4/+,S106-GAL4/+,NA,2.25,1.85
20110309,S106-GAL4/+,S106-GAL4/+,NA,2.3,1.85
20110309,S106-GAL4/+,S106-GAL4/+,NA,1.95,1.85
20110309,S106-GAL4/+,S106-GAL4/+,NA,2.25,1.85
20110309,S106-GAL4/+,S106-GAL4/+,NA,2.3,1.85
20110309,S106-GAL4/+,S106-GAL4/+,NA,2,1.85
20110310,S106-GAL4/+,S106-GAL4/+,NA,1.9,1.69
20110310,S106-GAL4/+,S106-GAL4/+,NA,2,1.69
20110310,S106-GAL4/+,S106-GAL4/+,NA,2.1,1.69
20110310,S106-GAL4/+,S106-GAL4/+,NA,1.9,1.69
20110310,S106-GAL4/+,S106-GAL4/+,NA,2.2,1.69
20110310,S106-GAL4/+,S106-GAL4/+,NA,2.3,1.69
20110311,S106-GAL4/+,S106-GAL4/+,NA,2.3,1.75
20110311,S106-GAL4/+,S106-GAL4/+,NA,2.35,1.75
20110311,S106-GAL4/+,S106-GAL4/+,NA,2.05,1.75
20110312,S106-GAL4/+,S106-GAL4/+,NA,2.2,1.675
20110312,S106-GAL4/+,S106-GAL4/+,NA,2.2,1.675
20110312,S106-GAL4/+,S106-GAL4/+,NA,1.8,1.675
20110312,S106-GAL4/+,S106-GAL4/+,NA,2.1,1.675
20110312,S106-GAL4/+,S106-GAL4/+,NA,1.9,1.675
20110312,S106-GAL4/+,S106-GAL4/+,NA,1.9,1.675
20110312,S106-GAL4/+,S106-GAL4/+,NA,1.9,1.675
20110313,S106-GAL4/+,S106-GAL4/+,NA,2.1,1.778
20110313,S106-GAL4/+,S106-GAL4/+,NA,2.1,1.778
20110313,S106-GAL4/+,S106-GAL4/+,NA,2.3,1.778
20110313,S106-GAL4/+,S106-GAL4/+,NA,2.2,1.778
20110313,S106-GAL4/+,S106-GAL4/+,NA,1.95,1.778
20110313,S106-GAL4/+,S106-GAL4/+,NA,2.2,1.778
20110313,S106-GAL4/+,S106-GAL4/+,NA,2.1,1.778
20110313,S106-GAL4/+,S106-GAL4/+,NA,2.1,1.778
20110316,S106-GAL4/+,S106-GAL4/+,NA,2.1,1.75
20110316,S106-GAL4/+,S106-GAL4/+,NA,2.1,1.75
20110316,S106-GAL4/+,S106-GAL4/+,NA,2.1,1.75
20110316,S106-GAL4/+,S106-GAL4/+,NA,2.2,1.75
20110317,S106-GAL4/+,S106-GAL4/+,NA,2.3,1.7
20110317,S106-GAL4/+,S106-GAL4/+,NA,2.25,1.7
20110317,S106-GAL4/+,S106-GAL4/+,NA,2.3,1.7
20110317,S106-GAL4/+,S106-GAL4/+,NA,2,1.7
20110318,S106-GAL4/+,S106-GAL4/+,NA,2.2,1.56
20110318,S106-GAL4/+,S106-GAL4/+,NA,2.05,1.56
20110318,S106-GAL4/+,S106-GAL4/+,NA,2.2,1.56
20101207,S106-GAL4/+,S106-GAL4/+,NA,2.9,1.975
20101207,S106-GAL4/+,S106-GAL4/+,NA,2.6,1.975
20101207,S106-GAL4/+,S106-GAL4/+,NA,2.8,1.975
20101207,S106-GAL4/+,S106-GAL4/+,NA,3,1.975
20101207,S106-GAL4/+,S106-GAL4/+,NA,2.6,1.975
20101209,S106-GAL4/+,S106-GAL4/+,NA,2.9,2.375
20101209,S106-GAL4/+,S106-GAL4/+,NA,3,2.375
20101209,S106-GAL4/+,S106-GAL4/+,NA,3,2.375
20101209,S106-GAL4/+,S106-GAL4/+,NA,3,2.375
20101209,S106-GAL4/+,S106-GAL4/+,NA,3.1,2.375
20101210,S106-GAL4/+,S106-GAL4/+,NA,3.5,2.4
20101210,S106-GAL4/+,S106-GAL4/+,NA,3.4,2.4
20101210,S106-GAL4/+,S106-GAL4/+,NA,3.6,2.4
20101211,S106-GAL4/+,S106-GAL4/+,NA,2.8,2.225
20101211,S106-GAL4/+,S106-GAL4/+,NA,3,2.225
20101211,S106-GAL4/+,S106-GAL4/+,NA,3,2.225
20101211,S106-GAL4/+,S106-GAL4/+,NA,3.1,2.225
20101211,S106-GAL4/+,S106-GAL4/+,NA,3.2,2.225
20101212,S106-GAL4/+,S106-GAL4/+,NA,3.5,2.45
20101212,S106-GAL4/+,S106-GAL4/+,NA,3.4,2.45
20101212,S106-GAL4/+,S106-GAL4/+,NA,3.5,2.45
20101212,S106-GAL4/+,S106-GAL4/+,NA,3.2,2.45
20101212,S106-GAL4/+,S106-GAL4/+,NA,3.4,2.45
20110323,S106-GAL4/+,S106-GAL4/+,NA,2.55,1.86
20110323,S106-GAL4/+,S106-GAL4/+,NA,2.4,1.86
20110323,S106-GAL4/+,S106-GAL4/+,NA,2.5,1.86
20110323,S106-GAL4/+,S106-GAL4/+,NA,2,1.86
20110323,S106-GAL4/+,S106-GAL4/+,NA,2.2,1.86
20110323,S106-GAL4/+,S106-GAL4/+,NA,2.4,1.86
20110323,S106-GAL4/+,S106-GAL4/+,NA,2.3,1.86
20110323,S106-GAL4/+,S106-GAL4/+,NA,2.2,1.86
20110323,S106-GAL4/+,S106-GAL4/+,NA,2.2,1.86
20110323,S106-GAL4/+,S106-GAL4/+,NA,2.4,1.86
20110323,S106-GAL4/+,S106-GAL4/+,NA,2.5,1.86
20110324,S106-GAL4/+,S106-GAL4/+,NA,2.3,1.68
20110324,S106-GAL4/+,S106-GAL4/+,NA,2,1.68
20110324,S106-GAL4/+,S106-GAL4/+,NA,2.2,1.68
20110324,S106-GAL4/+,S106-GAL4/+,NA,1.9,1.68
20110325,S106-GAL4/+,S106-GAL4/+,NA,2.3,1.8
20110325,S106-GAL4/+,S106-GAL4/+,NA,2.1,1.8
20110325,S106-GAL4/+,S106-GAL4/+,NA,2.1,1.8
20110326,S106-GAL4/+,S106-GAL4/+,NA,2.25,1.64
20110326,S106-GAL4/+,S106-GAL4/+,NA,2.3,1.64
20110326,S106-GAL4/+,S106-GAL4/+,NA,2.2,1.64
20110326,S106-GAL4/+,S106-GAL4/+,NA,2.1,1.64
20110326,S106-GAL4/+,S106-GAL4/+,NA,1.95,1.64
20110326,S106-GAL4/+,S106-GAL4/+,NA,2.1,1.64
20110326,S106-GAL4/+,S106-GAL4/+,NA,2.1,1.64
20110326,S106-GAL4/+,S106-GAL4/+,NA,2.2,1.64
20110326,S106-GAL4/+,S106-GAL4/+,NA,2.3,1.64
20110326,S106-GAL4/+,S106-GAL4/+,NA,2,1.64
20110326,S106-GAL4/+,S106-GAL4/+,NA,2,1.64
20110326,S106-GAL4/+,S106-GAL4/+,NA,2.2,1.64
20110518,S106-GAL4/+,S106-GAL4/+,NA,1.9,1.775
20110518,S106-GAL4/+,S106-GAL4/+,NA,2.25,1.775
20110518,S106-GAL4/+,S106-GAL4/+,NA,2.25,1.775
20110518,S106-GAL4/+,S106-GAL4/+,NA,2,1.775
20110520,S106-GAL4/+,S106-GAL4/+,NA,2.35,1.6
20110520,S106-GAL4/+,S106-GAL4/+,NA,2.25,1.6
20110520,S106-GAL4/+,S106-GAL4/+,NA,2.25,1.6
20110520,S106-GAL4/+,S106-GAL4/+,NA,2.2,1.6
20110520,S106-GAL4/+,S106-GAL4/+,NA,2.2,1.6
20110520,S106-GAL4/+,S106-GAL4/+,NA,2.1,1.6
20110521,S106-GAL4/+,S106-GAL4/+,NA,2,1.7
20110521,S106-GAL4/+,S106-GAL4/+,NA,2.1,1.7
20110521,S106-GAL4/+,S106-GAL4/+,NA,2.3,1.7
20110522,S106-GAL4/+,S106-GAL4/+,NA,2.2,1.7
20110522,S106-GAL4/+,S106-GAL4/+,NA,2.25,1.7
20110522,S106-GAL4/+,S106-GAL4/+,NA,2.25,1.7
20110522,S106-GAL4/+,S106-GAL4/+,NA,2.1,1.7
20110522,S106-GAL4/+,S106-GAL4/+,NA,2,1.7
20110522,S106-GAL4/+,S106-GAL4/+,NA,2.35,1.7
20110601,S106-GAL4/+,S106-GAL4/+,NA,2,1.7
20110601,S106-GAL4/+,S106-GAL4/+,NA,2.05,1.7
20110601,S106-GAL4/+,S106-GAL4/+,NA,2.1,1.7
20110601,S106-GAL4/+,S106-GAL4/+,NA,2.05,1.7
20110601,S106-GAL4/+,S106-GAL4/+,NA,2.1,1.7
20110603,S106-GAL4/+,S106-GAL4/+,NA,2.1,1.76
20110603,S106-GAL4/+,S106-GAL4/+,NA,2,1.76
20110603,S106-GAL4/+,S106-GAL4/+,NA,2.2,1.76
20110603,S106-GAL4/+,S106-GAL4/+,NA,2.35,1.76
20110604,S106-GAL4/+,S106-GAL4/+,NA,2.4,1.71
20110604,S106-GAL4/+,S106-GAL4/+,NA,2.2,1.71
20110604,S106-GAL4/+,S106-GAL4/+,NA,2,1.71
20110427,S106-GAL4/+,S106-GAL4/+,NA,2.2,1.76
20110427,S106-GAL4/+,S106-GAL4/+,NA,1.95,1.76
20110427,S106-GAL4/+,S106-GAL4/+,NA,1.9,1.76
20110427,S106-GAL4/+,S106-GAL4/+,NA,2.05,1.76
20110428,S106-GAL4/+,S106-GAL4/+,NA,1.95,1.54
20110428,S106-GAL4/+,S106-GAL4/+,NA,2.05,1.54
20110428,S106-GAL4/+,S106-GAL4/+,NA,2.05,1.54
20110428,S106-GAL4/+,S106-GAL4/+,NA,1.9,1.54
20110428,S106-GAL4/+,S106-GAL4/+,NA,2.25,1.54
20110428,S106-GAL4/+,S106-GAL4/+,NA,2.2,1.54
20110429,S106-GAL4/+,S106-GAL4/+,NA,2.2,1.925
20110429,S106-GAL4/+,S106-GAL4/+,NA,2.2,1.925
20110429,S106-GAL4/+,S106-GAL4/+,NA,2.1,1.925
20110430,S106-GAL4/+,S106-GAL4/+,NA,2.2,1.5
20110430,S106-GAL4/+,S106-GAL4/+,NA,2.1,1.5
20110430,S106-GAL4/+,S106-GAL4/+,NA,2.25,1.5
20110430,S106-GAL4/+,S106-GAL4/+,NA,2.3,1.5
20110501,S106-GAL4/+,S106-GAL4/+,NA,2.1,1.72
20110501,S106-GAL4/+,S106-GAL4/+,NA,2,1.72
20110501,S106-GAL4/+,S106-GAL4/+,NA,2.2,1.72
20110501,S106-GAL4/+,S106-GAL4/+,NA,2.1,1.72
20110501,S106-GAL4/+,S106-GAL4/+,NA,1.9,1.72
20110501,S106-GAL4/+,S106-GAL4/+,NA,2,1.72
20110525,S106-GAL4/+,S106-GAL4/+,NA,2.35,1.768
20110525,S106-GAL4/+,S106-GAL4/+,NA,2.1,1.768
20110525,S106-GAL4/+,S106-GAL4/+,NA,2.3,1.768
20110525,S106-GAL4/+,S106-GAL4/+,NA,2.3,1.768
20110527,S106-GAL4/+,S106-GAL4/+,NA,2.2,1.787
20110527,S106-GAL4/+,S106-GAL4/+,NA,2.1,1.787
20110527,S106-GAL4/+,S106-GAL4/+,NA,2.1,1.787
20110527,S106-GAL4/+,S106-GAL4/+,NA,2.2,1.787
20110527,S106-GAL4/+,S106-GAL4/+,NA,2.2,1.787
20110330,S106-GAL4/+,S106-GAL4/+,NA,2.25,1.86
20110330,S106-GAL4/+,S106-GAL4/+,NA,2.3,1.86
20110330,S106-GAL4/+,S106-GAL4/+,NA,2.2,1.86
20110330,S106-GAL4/+,S106-GAL4/+,NA,2.1,1.86
20110330,S106-GAL4/+,S106-GAL4/+,NA,1.95,1.86
20110331,S106-GAL4/+,S106-GAL4/+,NA,2.25,1.59
20110331,S106-GAL4/+,S106-GAL4/+,NA,1.8,1.59
20110331,S106-GAL4/+,S106-GAL4/+,NA,2.3,1.59
20110331,S106-GAL4/+,S106-GAL4/+,NA,2.2,1.59
20110331,S106-GAL4/+,S106-GAL4/+,NA,2.2,1.59
20110331,S106-GAL4/+,S106-GAL4/+,NA,2.05,1.59
20110401,S106-GAL4/+,S106-GAL4/+,NA,1.95,1.66
20110401,S106-GAL4/+,S106-GAL4/+,NA,2.2,1.66
20110401,S106-GAL4/+,S106-GAL4/+,NA,1.85,1.66
20110401,S106-GAL4/+,S106-GAL4/+,NA,1.85,1.66
20110401,S106-GAL4/+,S106-GAL4/+,NA,2.05,1.66
20110402,S106-GAL4/+,S106-GAL4/+,NA,2.2,1.67
20110402,S106-GAL4/+,S106-GAL4/+,NA,2.2,1.67
20110402,S106-GAL4/+,S106-GAL4/+,NA,1.95,1.67
20110402,S106-GAL4/+,S106-GAL4/+,NA,2.05,1.67
20110402,S106-GAL4/+,S106-GAL4/+,NA,2.05,1.67
20110407,S106-GAL4/+,S106-GAL4/+,NA,2.4,1.933
20110407,S106-GAL4/+,S106-GAL4/+,NA,2.15,1.933
20110407,S106-GAL4/+,S106-GAL4/+,NA,2.15,1.933
20110407,S106-GAL4/+,S106-GAL4/+,NA,2.2,1.933
20110407,S106-GAL4/+,S106-GAL4/+,NA,2.3,1.933
20110407,S106-GAL4/+,S106-GAL4/+,NA,2.25,1.933
20110407,S106-GAL4/+,S106-GAL4/+,NA,2.3,1.933
20110407,S106-GAL4/+,S106-GAL4/+,NA,2.2,1.933
20110504,S106-GAL4/+,S106-GAL4/+,NA,2.15,1.7
20110504,S106-GAL4/+,S106-GAL4/+,NA,2.2,1.7
20110504,S106-GAL4/+,S106-GAL4/+,NA,2.25,1.7
20110504,S106-GAL4/+,S106-GAL4/+,NA,2.05,1.7
20110504,S106-GAL4/+,S106-GAL4/+,NA,2.2,1.7
20110505,S106-GAL4/+,S106-GAL4/+,NA,2.25,1.62
20110505,S106-GAL4/+,S106-GAL4/+,NA,2.1,1.62
20110505,S106-GAL4/+,S106-GAL4/+,NA,2.3,1.62
20110505,S106-GAL4/+,S106-GAL4/+,NA,2.2,1.62
20110506,S106-GAL4/+,S106-GAL4/+,NA,2.1,1.75
20110506,S106-GAL4/+,S106-GAL4/+,NA,2.15,1.75
20110506,S106-GAL4/+,S106-GAL4/+,NA,2.3,1.75
20110506,S106-GAL4/+,S106-GAL4/+,NA,2.3,1.75
20110506,S106-GAL4/+,S106-GAL4/+,NA,2.3,1.75
20110416,S106-GAL4/+,S106-GAL4/+,NA,2.35,1.74
20110416,S106-GAL4/+,S106-GAL4/+,NA,2.45,1.74
20110416,S106-GAL4/+,S106-GAL4/+,NA,2.25,1.74
20110416,S106-GAL4/+,S106-GAL4/+,NA,2.1,1.74
20110416,S106-GAL4/+,S106-GAL4/+,NA,2.2,1.74
20110416,S106-GAL4/+,S106-GAL4/+,NA,2.2,1.74
20110416,S106-GAL4/+,S106-GAL4/+,NA,2.35,1.74
20110416,S106-GAL4/+,S106-GAL4/+,NA,2.3,1.74
20110417,S106-GAL4/+,S106-GAL4/+,NA,2.1,1.787
20110417,S106-GAL4/+,S106-GAL4/+,NA,2.1,1.787
20110417,S106-GAL4/+,S106-GAL4/+,NA,2.3,1.787
20110417,S106-GAL4/+,S106-GAL4/+,NA,1.9,1.787
20110417,S106-GAL4/+,S106-GAL4/+,NA,1.95,1.787
20110417,S106-GAL4/+,S106-GAL4/+,NA,2.05,1.787
20110417,S106-GAL4/+,S106-GAL4/+,NA,2.3,1.787
20110420,S106-GAL4/+,S106-GAL4/+,NA,2.1,1.65
20110420,S106-GAL4/+,S106-GAL4/+,NA,2.1,1.65
20110420,S106-GAL4/+,S106-GAL4/+,NA,2.1,1.65
20110420,S106-GAL4/+,S106-GAL4/+,NA,2.2,1.65
20110420,S106-GAL4/+,S106-GAL4/+,NA,1.95,1.65
20110422,S106-GAL4/+,S106-GAL4/+,NA,2.1,1.725
20110422,S106-GAL4/+,S106-GAL4/+,NA,2.4,1.725
20110422,S106-GAL4/+,S106-GAL4/+,NA,2.2,1.725
20110422,S106-GAL4/+,S106-GAL4/+,NA,2,1.725
20110422,S106-GAL4/+,S106-GAL4/+,NA,1.95,1.725
20110423,S106-GAL4/+,S106-GAL4/+,NA,1.8,1.54
20110423,S106-GAL4/+,S106-GAL4/+,NA,1.8,1.54
20110423,S106-GAL4/+,S106-GAL4/+,NA,2.1,1.54
20110423,S106-GAL4/+,S106-GAL4/+,NA,2.05,1.54
20110423,S106-GAL4/+,S106-GAL4/+,NA,2.15,1.54
20110424,S106-GAL4/+,S106-GAL4/+,NA,1.7,1.6
20110424,S106-GAL4/+,S106-GAL4/+,NA,1.7,1.6
20110424,S106-GAL4/+,S106-GAL4/+,NA,1.9,1.6
20110424,S106-GAL4/+,S106-GAL4/+,NA,1.7,1.6